relative_path,bytes,sha256
PHASE_7_REPORT.md,4402,cbab28189710471ee6ccda1b670aef55424ff03eb7e770f7e956e1d9a0dd61ea
README_START_HERE.md,855,a431e56f759cfde954ba21625ef45178942169e0286bf4bca2a99c86cff53f57
audit/caption_capitalization_corrections.txt,720,1bb8d0f1d54c635adb24f5fac7ec37110791a63d3b7946281850fd9e2bea1db7
audit/corrections_applied.csv,4913,ad46f8b4da7db2365a18904eb5385051230d80b5d12e8442293f35fd5c402331
audit/corrections_applied.md,5705,b5f25b2a6e32435af921caae35a28643dd14b345cc219232af97256113ac372b
audit/editorial_style_audit.md,509,c231413c3733ba150c0f0b49a1d22d9540960bc268afb7e8b192d642be762851
audit/factual_source_check.md,497,f53ccba0c74dd314ae738b9b4564804046dcb58e2316d538cd7b0540f5f76abc
audit/final_consistency_audit.md,639,7014537e5523e1067c0b701844a06daf144f80fc240a34fe7491971c53206712
audit/latex_audit.md,623,3942062eb3dddcc5c5ddd5f912aef32a474e4a1cabd7c9b9baaca5891408d741
audit/skill_audit.md,573,62822d986e0a6a2bef1a99eb6b2c083800ee959784183f02639f641a34baf472
final_audited_artifacts/chapter_packets/ch01.md,3170,23588413b59ac2c8723346f43377f228a352d391c8037dea48ffe561198e49ad
final_audited_artifacts/chapter_packets/ch02.md,2952,205041b48aa126a1492175016bfb0ce9183936494faba9dab4d9bcc1cdb0c388
final_audited_artifacts/chapter_packets/ch03.md,2940,3eb6c192e935fbde27a3c68547a7c03a381c86c12b31718036fb2b056cc03727
final_audited_artifacts/chapter_packets/ch04.md,2874,2ff5dd31aae5b57c5ca490844952dddd04178d57ec3700458d982a55ecaa8361
final_audited_artifacts/chapter_packets/ch05.md,2876,61d8d9f659c831e805c94ee9f16ade0d26cc72f70208e44ceaabab79e7b2c9e5
final_audited_artifacts/chapter_packets/ch06.md,2957,4d96b46e7d94363c71170e6f7508c91f8e4ca0871827dce36a453345525e6216
final_audited_artifacts/chapter_packets/ch07.md,3020,01bcaefb1a400396e635b3d714a559eb4c1a1413e8cf259ae758ddc43a64a2fc
final_audited_artifacts/chapter_packets/ch08.md,3107,932c3ce97b04c152fc5804c6699b3ea30922111c8db2a09793cb3313562e86d8
final_audited_artifacts/chapter_packets/ch09.md,3073,9b7a8acf426c72c43f9c17fdc779b87c41dfab9922c465adb4bc95eb1b5cc2dd
final_audited_artifacts/chapter_packets/ch10.md,2940,01abfb60a6e3ce5a9e4ee9a1c570c68937aca96c4db2bc27a50671b755d014da
final_audited_artifacts/chapter_packets/ch11.md,3188,3efd5734d7e53619844616c705c20239f81d88c49daae89562db28ad595294c3
final_audited_artifacts/chapter_packets/ch12.md,3322,a40831079ec4057caa9a52c72113f0b937be8bcf8e1d3f4324efb1e18c15019a
final_audited_artifacts/chapter_plans/ch01_from-dense-compute-to-conditional-compute.md,12730,2bb39ee7b690e85975c203027ea1d99f6bca73e977d560374faa0b9f9b83d94d
final_audited_artifacts/chapter_plans/ch02_a-dense-transformer-baseline-from-scratch.md,11666,b0819e034f9e8c5c86b4201a5083944c0b466a0cd7beafdc6233980a29505dd0
final_audited_artifacts/chapter_plans/ch03_experts-routers-and-the-first-moe-layer.md,11463,0a2da2c09a09f085b8a0178556aa3d3f062460cd3ec6644739d2c9d71cfcb134
final_audited_artifacts/chapter_plans/ch04_top-1-routing-and-switch-style-dispatch.md,11516,919e276da35791876c82765cdc476d3ad84870737b48f83cb6977e06893a4256
final_audited_artifacts/chapter_plans/ch05_top-2-routing-and-weighted-expert-combination.md,11645,34d25adb0da11081865c263c4b0cf4931dd49059cfb36878acdeb6e6e197b6eb
final_audited_artifacts/chapter_plans/ch06_vectorized-dispatch-capacity-and-routing-efficiency.md,11556,c2e625298f1effa0219700a87ca728318c60bd5f366e4575c426709d0e79e549
final_audited_artifacts/chapter_plans/ch07_router-training-and-load-balancing-losses.md,11885,257379acdabf74a1b2729bcedf46d533e43b0b0f338ae351d73cfebbce6f69ab
final_audited_artifacts/chapter_plans/ch08_shared-experts-and-fine-grained-routed-experts.md,11969,af76527aac4c1f4538dbc3e94861e63ff3281d591d046f3be42d532cd7134edd
final_audited_artifacts/chapter_plans/ch09_auxiliary-loss-free-load-balancing.md,12308,02b6292fa2673f9e7d57f2e463c67c6b606a7544e967e19c9dfabc40148a4984
final_audited_artifacts/chapter_plans/ch10_assembling-minideepseekmoe-end-to-end.md,12067,a10d044d05d50392fcffe682955136cb772888334cfc9f2c07e2419dc29cd528
final_audited_artifacts/chapter_plans/ch11_training-diagnostics-and-controlled-experiments.md,12554,b7f33e19dfc8d4f679e6c6eb3ea1a843bb8598f7ddc9155fb1d44ee58f52f974
final_audited_artifacts/chapter_plans/ch12_inference-performance-and-scaling-beyond-the-toy-model.md,13131,f73cac742a321f77ad71bc4c02758e7d2fd5d602c42eb2f4142b0f7efe9beace
final_audited_artifacts/latex_book_skeleton/chapters/ch01/chapter.tex,883,2bdbde35cab2fedc7b24d126f85202429cbaf41ef97575d485f854857a2fe299
final_audited_artifacts/latex_book_skeleton/chapters/ch01/sections/01-the-dense-ffn-bottleneck.tex,828,6b1c98f3cd0d1399d6bf7c9c01e81bfe70ca9d3a7d1ad68c971fccfdb952ec03
final_audited_artifacts/latex_book_skeleton/chapters/ch01/sections/02-conditional-compute-as-the-central-idea.tex,850,4147cbe3b64cbe91e63e14cd1669e3d72f2259eca500b9c64f9dddbccc712024
final_audited_artifacts/latex_book_skeleton/chapters/ch01/sections/03-a-tiny-routing-story.tex,697,5062e6effc5c082d59d3f2a7864170c58a4bb1af054974dbf6f7821101f70ddb
final_audited_artifacts/latex_book_skeleton/chapters/ch01/sections/04-what-from-scratch-means-for-this-book.tex,875,85c6425f9c8c6b523a25622befcae3588954db5ba5f40a77b691239348828fe1
final_audited_artifacts/latex_book_skeleton/chapters/ch01/sections/05-the-minideepseekmoe-build-ladder.tex,838,62339ebcc4472429e70e021834142770751ff3260971991d16db31469b4589ca
final_audited_artifacts/latex_book_skeleton/chapters/ch01/sections/06-chapter-summary-and-handoff.tex,763,8b03b4b531dc27dadc833e66d4715ba79c3b42d1ad9d08a4c012f427043b76d3
final_audited_artifacts/latex_book_skeleton/chapters/ch02/chapter.tex,930,760bbe729863974e60ab6386f21f5aff35e1ea294716dec4dfbfba756b319196
final_audited_artifacts/latex_book_skeleton/chapters/ch02/sections/01-dataset-and-token-batches.tex,705,8d46aac6e24997ff8f8c8e12878a029df83f9236c56c3e419ad167a6f3455c3a
final_audited_artifacts/latex_book_skeleton/chapters/ch02/sections/02-token-and-position-embeddings.tex,727,6cf69571a69d24ce415980d5b2585ba95305423debb6a04fbeefc4b9fc2502d4
final_audited_artifacts/latex_book_skeleton/chapters/ch02/sections/03-causal-self-attention-as-the-context-path.tex,799,0029fb59a2309f551f3ca722fe00dc6a34ecce27e6b136a9c28312b8944a3c20
final_audited_artifacts/latex_book_skeleton/chapters/ch02/sections/04-dense-feed-forward-block-as-the-replacement-target.tex,817,f4de82a4ce782d12874eb34ad1b4904eef8fe93d97e04019b031c4b145e7c8d1
final_audited_artifacts/latex_book_skeleton/chapters/ch02/sections/05-training-loop-and-sampling-baseline.tex,787,0e892bf9b5616f1bc292a75f92c0e460959c43ead59e4e987a56b9333f1fdfca
final_audited_artifacts/latex_book_skeleton/chapters/ch02/sections/06-baseline-diagnostics-and-comparison-slots.tex,836,d27b4824d61e0185e202e9d67fd2000cd3a6601d1dc927d5daa62905c21531ec
final_audited_artifacts/latex_book_skeleton/chapters/ch03/chapter.tex,812,d2d52cd7f109e7b65510bbcf316234ae4637093fd9f690e4715499805a284b94
final_audited_artifacts/latex_book_skeleton/chapters/ch03/sections/01-expert-mlps-as-named-ffns.tex,697,ea838aa79089434890ecd38a4ec0afaec6e3c7607e59596b3862258d99ba14e3
final_audited_artifacts/latex_book_skeleton/chapters/ch03/sections/02-router-scores-and-tensor-shapes.tex,786,c7b6e3522b4bac3dbb3af23c22f9cca1d7d2e196596d57610fa9c18c3bc11cbc
final_audited_artifacts/latex_book_skeleton/chapters/ch03/sections/03-top-k-selection-without-dispatch.tex,780,6dd8fbd90e7367fa0fba9c61e7cb357506c4747603e7ed4bc8cfcf253fab975a
final_audited_artifacts/latex_book_skeleton/chapters/ch03/sections/04-naive-token-by-token-dispatch.tex,772,2d6ce52dd59c5cb88f355ca146c5689c40786f12ae3a6e42185312709c770372
final_audited_artifacts/latex_book_skeleton/chapters/ch03/sections/05-shape-and-gradient-checks.tex,761,03ab602f9b275c7556c340773f0ae109f7f179e50525bbb120199707a3c50ceb
final_audited_artifacts/latex_book_skeleton/chapters/ch03/sections/06-chapter-summary-and-handoff.tex,771,87bd9db38c8b1c88bf1de75729c3fcb5a7af10169f9f2027c9d12b168dea4a6e
final_audited_artifacts/latex_book_skeleton/chapters/ch04/chapter.tex,850,18f774ee4532e2cf2dbc8d80fe011dd59fcc42884f71d712abdcf731e81a6ffc
final_audited_artifacts/latex_book_skeleton/chapters/ch04/sections/01-why-top-1-routing-is-the-simplest-sparse-case.tex,825,e98920db39d3bc50d107dc49472392381053dda38f19bd2b743257226fae8956
final_audited_artifacts/latex_book_skeleton/chapters/ch04/sections/02-assignment-masks-and-expert-buckets.tex,731,7f0fa2051fd3e1080e1b93f04bfcf90ee80f21c1ba9e8bbcb0dafc637e4e29ea
final_audited_artifacts/latex_book_skeleton/chapters/ch04/sections/03-dispatching-tokens-to-selected-experts.tex,806,63df71756ba2a45faf0a73084561dba8adafa8228d55a37551b59bb130a370c3
final_audited_artifacts/latex_book_skeleton/chapters/ch04/sections/04-capacity-and-dropped-tokens.tex,758,c499af2c46044af0d3166e778f5a0032f75bcfb742f965aad2d2cc63378e73c6
final_audited_artifacts/latex_book_skeleton/chapters/ch04/sections/05-load-histograms-and-failure-modes.tex,794,af91d7ebe12078694abeaea17f29ef197f194626474135fa8a10fe8a5172abff
final_audited_artifacts/latex_book_skeleton/chapters/ch04/sections/06-chapter-summary-and-handoff.tex,764,97128a6ee181131ebf6f86cbb8a31c32f0326d954a1a98efc35c9f4626bbe666
final_audited_artifacts/latex_book_skeleton/chapters/ch05/chapter.tex,905,c65d4d90bae34aa45a9190fe7d9d4b5689f46c39d122bceab438369d3a319b49
final_audited_artifacts/latex_book_skeleton/chapters/ch05/sections/01-why-top-2-changes-the-routing-story.tex,768,0a5ff1883a05ec9218ecd6cf19cb3616d037babeb21eafa6391606ff227064fa
final_audited_artifacts/latex_book_skeleton/chapters/ch05/sections/02-normalizing-selected-router-scores.tex,715,a4f7eb3241bcf2f8644ccc477421a2b1a2af017409224d27adf4dc03ab9a2cea
final_audited_artifacts/latex_book_skeleton/chapters/ch05/sections/03-dispatch-for-two-expert-paths-per-token.tex,822,9a9bba78e51312757f6dae0b0e32aae518079e39f28a0b304c88b810c2bfa268
final_audited_artifacts/latex_book_skeleton/chapters/ch05/sections/04-comparing-top-1-and-top-2-diagnostics.tex,811,5f64a9997d4b0376cb201ad1a4fef8b533a182cf2f3fcffea37a0ff6ac118eab
final_audited_artifacts/latex_book_skeleton/chapters/ch05/sections/05-numerical-stability-in-top-k-gates.tex,765,4fa481668b3de8e72f1dd14ac4df329ae0fb7fd851bc82db0096ce5d7d5cd5e9
final_audited_artifacts/latex_book_skeleton/chapters/ch05/sections/06-chapter-summary-and-handoff.tex,774,e0ea9deebf905cb4b756ce8347fa308dd4b8102f5bfe7ea84c0bcc631d1b3ce8
final_audited_artifacts/latex_book_skeleton/chapters/ch06/chapter.tex,916,09cf9560ee3f591263ee90785914d47a6341986bea952f5b97e0b594e3f27b84
final_audited_artifacts/latex_book_skeleton/chapters/ch06/sections/01-flattened-tokens-as-the-dispatch-unit.tex,774,ea13ac83ace62f822d75121d9d8f74b5350fafc02983312c4cc12851aa042835
final_audited_artifacts/latex_book_skeleton/chapters/ch06/sections/02-expert-batch-construction.tex,655,b0521ba7c08e54de4f22ebd822f0d26e949bb3bc65b3c114b969e2c6b1df998c
final_audited_artifacts/latex_book_skeleton/chapters/ch06/sections/03-capacity-factors-and-overflow-policy.tex,757,18f1083faff58cc19d4d4ba40047dbc90e0aeebf78a63a0f8f96d641e995a359
final_audited_artifacts/latex_book_skeleton/chapters/ch06/sections/04-unpacking-and-weighted-combine.tex,819,aad447b0c9392dce53bd7581fe30c5df364c40054d87f4d9d628b6788af8266d
final_audited_artifacts/latex_book_skeleton/chapters/ch06/sections/05-equivalence-tests-against-the-naive-layer.tex,848,ecbe4a79a20d80b99ccd60a6b5c084e900226d6389c1bc793324e3f54b98bc90
final_audited_artifacts/latex_book_skeleton/chapters/ch06/sections/06-chapter-summary-and-handoff.tex,753,8ff9921d98bea490649315abc6219fc389c3a5dca127a20c3e049783078d0cf2
final_audited_artifacts/latex_book_skeleton/chapters/ch07/chapter.tex,873,744217667b08044930aa56b2439b49e3c704c5adda7caa735b3bbe1662eb44cd
final_audited_artifacts/latex_book_skeleton/chapters/ch07/sections/01-expert-imbalance-as-a-training-problem.tex,808,e692c7da9d2473234ec979a57c4368a1e78ffe4856288a630f74582dbc1e5d58
final_audited_artifacts/latex_book_skeleton/chapters/ch07/sections/02-auxiliary-load-balancing-loss.tex,746,1e00317021509dc7fd7f5bd876f728bc050bec35824c209017f024a375b4c76b
final_audited_artifacts/latex_book_skeleton/chapters/ch07/sections/03-integrating-auxiliary-loss-into-training.tex,843,03be5cff75dc8b0dc26a4029f7391edcf7334d5c0b02c4395dd3bc96b5cd73cd
final_audited_artifacts/latex_book_skeleton/chapters/ch07/sections/04-router-score-scale-and-z-loss.tex,749,326e75e083d606619260c13197a80788b15be21c8ebb45338f6f9404b6895b46
final_audited_artifacts/latex_book_skeleton/chapters/ch07/sections/05-routing-dashboards-and-training-logs.tex,813,7967dedf36e4d13cef3f95c7a1d8663766fe65fa38bdbc931fb2bd31f9603ea3
final_audited_artifacts/latex_book_skeleton/chapters/ch07/sections/06-chapter-summary-and-handoff.tex,798,5e964b4ba6030b36cc8a92b42203fa6a322b747d4cd7ef95b38b2711faea8e07
final_audited_artifacts/latex_book_skeleton/chapters/ch08/chapter.tex,878,1d5f2d7f75c2c1a15babff0b78108363ff1f6bafad65d96ed4c969932e34726c
final_audited_artifacts/latex_book_skeleton/chapters/ch08/sections/01-the-role-of-shared-experts.tex,779,dd4fdb76c2884e1d5219957fce838b216df5eb3c270d2d1689cc851749542172
final_audited_artifacts/latex_book_skeleton/chapters/ch08/sections/02-fine-grained-routed-expert-segmentation.tex,839,f57e147e84e90de5dc06c832ffd60b36dc4ddd52a9c7b29e70b86e9a2124ee9b
final_audited_artifacts/latex_book_skeleton/chapters/ch08/sections/03-the-minideepseekmoe-layer-contract.tex,780,c5847765011ff17334d5a07f1afe7fabecd5722409ca2b7588bc36371f28e894
final_audited_artifacts/latex_book_skeleton/chapters/ch08/sections/04-combining-shared-and-routed-outputs.tex,802,92af9ec0274888cb72b3f652206a6a79a9d3c4db7e91397a3be25617d761ecb0
final_audited_artifacts/latex_book_skeleton/chapters/ch08/sections/05-specialization-diagnostics.tex,798,70c2b12672a095771142f80fa96e80318395981639ae10c76c9ccfdade5c64bf
final_audited_artifacts/latex_book_skeleton/chapters/ch08/sections/06-chapter-summary-and-handoff.tex,766,8ed76350e72144d5f29fb64a0a834402acba991362792e7cf1f5d34cab76c1f3
final_audited_artifacts/latex_book_skeleton/chapters/ch09/chapter.tex,946,c97ce7e24bfbf5c40ae6dc33d04aa43accf9cc8ebb244d86a6cf6dc4c1f4fa6a
final_audited_artifacts/latex_book_skeleton/chapters/ch09/sections/01-the-limitation-of-auxiliary-balancing.tex,822,c04479734a0d175d89bf304bad033a36bab1e2133fdf989b56d569ae4676d8fa
final_audited_artifacts/latex_book_skeleton/chapters/ch09/sections/02-router-bias-as-non-trainable-state.tex,816,1fc23d317d353525ca0ae19364e721d31d62788ea3e343f4aaab06276d95f449
final_audited_artifacts/latex_book_skeleton/chapters/ch09/sections/03-biased-selection-and-unbiased-combine.tex,822,36c6707447f65841007e18cbc516b46295111cf5f2427cdde6ff21769271bd71
final_audited_artifacts/latex_book_skeleton/chapters/ch09/sections/04-dynamic-bias-update-from-expert-load.tex,797,55d5dc3849779941e40229fdfe28df6da923c2bdc58ff0185aec48943495a8c4
final_audited_artifacts/latex_book_skeleton/chapters/ch09/sections/05-comparing-balancing-methods.tex,795,7c0c04ec8ce81d95bba0c79069f22fcbd52f39428e76e2389f44493ae5c76068
final_audited_artifacts/latex_book_skeleton/chapters/ch09/sections/06-chapter-summary-and-handoff.tex,784,8e2bf803355fee03055da039aedc44f417a4c9ef451d57807d743fe4a6b80f81
final_audited_artifacts/latex_book_skeleton/chapters/ch10/chapter.tex,899,19457da2f6a9d1d938472b74f1a44be21b1b6859e9cadc2521e2c351f028d98f
final_audited_artifacts/latex_book_skeleton/chapters/ch10/sections/01-configuration-objects-and-model-variants.tex,803,33d33d6078f8083b6cd91560ad373c35c013562ff598ff918558f95fc7d6ae5d
final_audited_artifacts/latex_book_skeleton/chapters/ch10/sections/02-decoder-block-with-dense-prefix-and-moe-layers.tex,828,1441cbe4ecb87c664d6a6c764f0628fef08e761c9be1398d5b23767bb586f9c0
final_audited_artifacts/latex_book_skeleton/chapters/ch10/sections/03-forward-pass-outputs-and-loss-dictionary.tex,834,7ad1c57842d2628d57953686aa34483862b531d24123605eda23c3099d68dcdf
final_audited_artifacts/latex_book_skeleton/chapters/ch10/sections/04-training-and-sampling-scripts.tex,755,d8166cc3413e95e8768ba554639e48b3cb3d9e60fc926390a760a771850710b5
final_audited_artifacts/latex_book_skeleton/chapters/ch10/sections/05-full-model-smoke-tests.tex,700,7038cf67d965ebd8e64ae39d15ebac11e6e52e745f9d4d317a9f36b700cf00f7
final_audited_artifacts/latex_book_skeleton/chapters/ch10/sections/06-chapter-summary-and-handoff.tex,770,12281084504547faff6ee0ba251976390db09141781b20e98d37bd4b7bf42602
final_audited_artifacts/latex_book_skeleton/chapters/ch11/chapter.tex,966,cfcf906f8307263f786678bb758eedc36f507e19a9349d7838b668da0a3ce752
final_audited_artifacts/latex_book_skeleton/chapters/ch11/sections/01-experiment-design-for-a-from-scratch-book.tex,835,587160211abec159eb42ab73348eeff896503619bf82e0382c683ac9d326ff5e
final_audited_artifacts/latex_book_skeleton/chapters/ch11/sections/02-dataset-preparation-and-reproducibility.tex,796,137eb6c4c000fd9e16d14967c485ed6a4376d9d0c6fe1bc3841e500d4216e324
final_audited_artifacts/latex_book_skeleton/chapters/ch11/sections/03-loss-curves-and-routing-dashboards.tex,794,7fed7b8f111df3ec250a4cb2cda3fcf26c8a0601855049df0e730c13f903546a
final_audited_artifacts/latex_book_skeleton/chapters/ch11/sections/04-ablation-matrix-dense-top-1-top-2-shared-and-bias-balanced.tex,946,33a0a50c5fa017dc3cfa24f1845ab6e9e75fe2c42dc848b50d6a104660e12f22
final_audited_artifacts/latex_book_skeleton/chapters/ch11/sections/05-interpreting-expert-behavior-carefully.tex,832,23bde5d859257680fe309d5ac8162448c6a05d24878ead1c8f14e490e1216039
final_audited_artifacts/latex_book_skeleton/chapters/ch11/sections/06-chapter-summary-and-handoff.tex,781,93db636e1f3e29f47f4b2de3bed3cc19cff0a9423ba0724ca3c2a63ba6800e0a
final_audited_artifacts/latex_book_skeleton/chapters/ch12/chapter.tex,1017,4bd1a5a7e2afa6a130e7edba6dddf7765febc08aa00893ab261405648aa5f9ea
final_audited_artifacts/latex_book_skeleton/chapters/ch12/sections/01-autoregressive-inference-with-sparse-ffns.tex,832,29a356484d93a5a3c8cd240e606c82f63053fa2cebff257af3320b077d5da466
final_audited_artifacts/latex_book_skeleton/chapters/ch12/sections/02-batching-routed-tokens-at-inference.tex,770,ec6bf10fe345b9cec9d70e3f4ff5abe456d5b26a2844638a7786af6854628ec9
final_audited_artifacts/latex_book_skeleton/chapters/ch12/sections/03-compute-memory-and-active-parameter-accounting.tex,871,051ef7789d5f578c59d82b2a57c6011008d2de817ced98b530d440e716b6cfab
final_audited_artifacts/latex_book_skeleton/chapters/ch12/sections/04-expert-parallelism-and-all-to-all-communication.tex,910,6a8f5cbd8227177a0a348356376bb11a777a77ccca70151317f0f4a1da1b5300
final_audited_artifacts/latex_book_skeleton/chapters/ch12/sections/05-mapping-the-book-model-to-production-moe-families.tex,916,c9db9a64250d917e80ef73018224ddc4a28da1953a55b8523d3332659e2118d1
final_audited_artifacts/latex_book_skeleton/chapters/ch12/sections/06-book-summary-and-next-steps.tex,785,6668bc7da85172246f19a049706a7605d070acea4afdf3607d5b1186a333f4e4
final_audited_artifacts/latex_book_skeleton/equations/ch01/eq-a-tiny-routing-story.tex,131,8276181ef27ed9313149abfad3bb4e8d073b7e8903c909789a58d2ecb595c6c0
final_audited_artifacts/latex_book_skeleton/equations/ch01/eq-chapter-summary-and-handoff.tex,143,8ac55a0c9ebcc998322518ebd4bd4fc96e6b781c95549efbf34beeb8a15ab349
final_audited_artifacts/latex_book_skeleton/equations/ch01/eq-conditional-compute-as-the-central-idea.tex,174,2fc66b75eb708a3cb7f4a47c27a1bddcb927acdf904403d9717acc48f9eb03fe
final_audited_artifacts/latex_book_skeleton/equations/ch01/eq-the-dense-ffn-bottleneck.tex,140,b0eb9209b98d10883d264b340f4509b50eb9c4885df5b26bdeae2f0e0f12e1fc
final_audited_artifacts/latex_book_skeleton/equations/ch01/eq-the-minideepseekmoe-build-ladder.tex,176,e6e5c6d51bb8226f1511f02cd6df5eec7a10f6f922a5adb5857ef7b8bbd80e3a
final_audited_artifacts/latex_book_skeleton/equations/ch01/eq-what-from-scratch-means-for-this-book.tex,149,99b0b59b2e9486004a8be3ac57f677f546c09aeeb1894b13660635ab6788fd57
final_audited_artifacts/latex_book_skeleton/equations/ch02/eq-baseline-diagnostics-and-comparison-slots.tex,141,b98c7c87008fbaa6883d09a3d4495b5d558ad367972a314366fb405592c4b00c
final_audited_artifacts/latex_book_skeleton/equations/ch02/eq-causal-self-attention-as-the-context-path.tex,162,f0cd769533f9c38342c69739807b983ae54168cefddb9aeb333b3805547d5862
final_audited_artifacts/latex_book_skeleton/equations/ch02/eq-dataset-and-token-batches.tex,141,1f90312d4c412958685b580f2a887a0d06152732a9c1cd26f2d58b8402732ac4
final_audited_artifacts/latex_book_skeleton/equations/ch02/eq-dense-feed-forward-block-as-the-replacement-target.tex,150,9cd37f5a8135034ebc343b0977f49dbd9ee4721969915b0f31f3e253fc33dd1c
final_audited_artifacts/latex_book_skeleton/equations/ch02/eq-token-and-position-embeddings.tex,137,19c2362dc0e714423914126de1c089e82f60e17ebf685f9cbfeba7507cff56be
final_audited_artifacts/latex_book_skeleton/equations/ch02/eq-training-loop-and-sampling-baseline.tex,138,eff80ee9a20a01479a9a5698cf5a1987b52eeeb681a71136afcbc49bb9541317
final_audited_artifacts/latex_book_skeleton/equations/ch03/eq-chapter-summary-and-handoff.tex,130,f6b3f852ffc69c4544a01991d846c3ba26205ed75293f416bdc106d2adb1e875
final_audited_artifacts/latex_book_skeleton/equations/ch03/eq-expert-mlps-as-named-ffns.tex,163,fa7e3e61eaf24d58d2dcda990d1705ed7f39ed747536f43c39220cc4d8ac161f
final_audited_artifacts/latex_book_skeleton/equations/ch03/eq-naive-token-by-token-dispatch.tex,171,a1ab43983022951ef57f76e2e93edd2beccedda7340ae546f7a62871c872eeb5
final_audited_artifacts/latex_book_skeleton/equations/ch03/eq-router-scores-and-tensor-shapes.tex,121,d6039d0ac21002e8264b603753bc3b724a7137e46c2d33a88e9d1cae0bceed34
final_audited_artifacts/latex_book_skeleton/equations/ch03/eq-shape-and-gradient-checks.tex,151,e2aba259884f402d53e2d8c68eb24039eb218dde51c76409ad098d72db233304
final_audited_artifacts/latex_book_skeleton/equations/ch03/eq-top-k-selection-without-dispatch.tex,140,4265c136e3916f22930d30a41d5aa7a7d94a0f155912c644fb259a3a2282b2fe
final_audited_artifacts/latex_book_skeleton/equations/ch04/eq-assignment-masks-and-expert-buckets.tex,131,398794c7187be906adce5cf260eeed0527828ffc8cead198c290180dc2a3dcbb
final_audited_artifacts/latex_book_skeleton/equations/ch04/eq-capacity-and-dropped-tokens.tex,125,c1bf9646d5e2eb4e597c9140e3dc721317b5cf842f4cd10b8a1aea1dce0a36a4
final_audited_artifacts/latex_book_skeleton/equations/ch04/eq-chapter-summary-and-handoff.tex,134,da391753f277ab30b264a78dd22ba7937265087b8cc9aad2d72db89e283061b9
final_audited_artifacts/latex_book_skeleton/equations/ch04/eq-dispatching-tokens-to-selected-experts.tex,150,c37f5b07c836dacf929243c19d312adea372b8254b51b44dbfab6ea9e79bc408
final_audited_artifacts/latex_book_skeleton/equations/ch04/eq-load-histograms-and-failure-modes.tex,120,dceabae8244aa42b4ce7520a754753d47513fba3daa47a7f58a488db1ae8fd24
final_audited_artifacts/latex_book_skeleton/equations/ch04/eq-why-top-1-routing-is-the-simplest-sparse-case.tex,140,ccb7d18d02ad357fa60a2219e5c6ee0e6dd68a91221bdf837a6feea9e0d9bfff
final_audited_artifacts/latex_book_skeleton/equations/ch05/eq-chapter-summary-and-handoff.tex,141,fa71ba50871c52fa06dcb2b55c733218ab339dafaf9f8cda78bd735642b272ed
final_audited_artifacts/latex_book_skeleton/equations/ch05/eq-comparing-top-1-and-top-2-diagnostics.tex,147,e430a4e07523cae722600ab52ebba1d12bcfed15361ea1fd784da6870e05220d
final_audited_artifacts/latex_book_skeleton/equations/ch05/eq-dispatch-for-two-expert-paths-per-token.tex,144,d4b3072c51f8d4fffcca7eaad3c0f5b7bb15175f88e1061bbfab76a5e652c2d0
final_audited_artifacts/latex_book_skeleton/equations/ch05/eq-normalizing-selected-router-scores.tex,159,8c13a132de61652af1def60e1f50326ab8f02a020f3f36ae035894a0092bb5ec
final_audited_artifacts/latex_book_skeleton/equations/ch05/eq-numerical-stability-in-top-k-gates.tex,149,b9f54a0d4136794d2a990ef5fe354128a09e14a4c22b256afb39d56f5743db94
final_audited_artifacts/latex_book_skeleton/equations/ch05/eq-why-top-2-changes-the-routing-story.tex,138,fbd45b9e6512317fe7365a8a200313e4ba7f1c2779a4801b0e777ca3ce0ef05c
final_audited_artifacts/latex_book_skeleton/equations/ch06/eq-capacity-factors-and-overflow-policy.tex,136,13989ce95ef26840777fe1f743d3e2c477b7878164f36de2ca1e446011152eb2
final_audited_artifacts/latex_book_skeleton/equations/ch06/eq-chapter-summary-and-handoff.tex,139,87f75307e46c6e0216517ae10cb5727fe678bb820315c15d839093f7045d29ce
final_audited_artifacts/latex_book_skeleton/equations/ch06/eq-equivalence-tests-against-the-naive-layer.tex,136,5480bd8c3e0046b0ee0ff7ccc29fa46232ca39dca4b23f20b9c98c165ab97f54
final_audited_artifacts/latex_book_skeleton/equations/ch06/eq-expert-batch-construction.tex,127,41d6af6b2d3c998043338919330377a4ec79bc9feb21e98f624943a348e05b3d
final_audited_artifacts/latex_book_skeleton/equations/ch06/eq-flattened-tokens-as-the-dispatch-unit.tex,137,800edcf097c70ab6dc687be695ef4e385c2059d5d0577e15d9a53aab38d6832d
final_audited_artifacts/latex_book_skeleton/equations/ch06/eq-unpacking-and-weighted-combine.tex,140,e955c802b005e7a94f51d28548c64a2c4ce7138380f0bf728e444f1d847e6ee1
final_audited_artifacts/latex_book_skeleton/equations/ch07/eq-auxiliary-load-balancing-loss.tex,143,e42663e3df97b6d28b9a128d372cdb65677699bbbfea7ba74d472003c4ae4df1
final_audited_artifacts/latex_book_skeleton/equations/ch07/eq-chapter-summary-and-handoff.tex,151,6a6748c37a2f164ea996a1d7a562dcacc8f8e43907001320d6b670cf0e339ff1
final_audited_artifacts/latex_book_skeleton/equations/ch07/eq-expert-imbalance-as-a-training-problem.tex,142,9018fe765db50d7f572a12c3eb240b6f85a789b42fdcfede9e80005a2cb8b947
final_audited_artifacts/latex_book_skeleton/equations/ch07/eq-integrating-auxiliary-loss-into-training.tex,142,2c3fb544241b195bba86e4a7ce25ed584881098bf209fb31c923ecd643487a91
final_audited_artifacts/latex_book_skeleton/equations/ch07/eq-router-score-scale-and-z-loss.tex,137,96ff614e4fe974f1a0514265ea2e3132edd8af1dd488b32bd397464be5ffafe9
final_audited_artifacts/latex_book_skeleton/equations/ch07/eq-routing-dashboards-and-training-logs.tex,140,5e33202bec52d75b3ac883783e50e802b1aca692e59957b4192755e9134f5120
final_audited_artifacts/latex_book_skeleton/equations/ch08/eq-chapter-summary-and-handoff.tex,145,688651ced905ff7e389d653d2aecba1c30e8c662778db77f1027e39ba9195391
final_audited_artifacts/latex_book_skeleton/equations/ch08/eq-combining-shared-and-routed-outputs.tex,171,543af4a601f46ecbcd74e9a597efb53f3933bac272a8ccff37f5532bea9f42a6
final_audited_artifacts/latex_book_skeleton/equations/ch08/eq-fine-grained-routed-expert-segmentation.tex,147,62fce7a76c2fb73dbd71f0659d553c4bacb78208324b0501c239a6bce6feff8c
final_audited_artifacts/latex_book_skeleton/equations/ch08/eq-specialization-diagnostics.tex,135,b5fe3ba7f9b9c9a1167ecd0539db5c1c3ddb8580edfa8df091963dca978dff09
final_audited_artifacts/latex_book_skeleton/equations/ch08/eq-the-minideepseekmoe-layer-contract.tex,169,42c4d28e74f7f8f66e62d758168454f77418ebefdfaf2903ae02a1d443937d60
final_audited_artifacts/latex_book_skeleton/equations/ch08/eq-the-role-of-shared-experts.tex,121,cdce19efd4fec69146de2d34d8768b82acd9b8e6f259e6ecb0816047783343ed
final_audited_artifacts/latex_book_skeleton/equations/ch09/eq-biased-selection-and-unbiased-combine.tex,146,f82f21ee4c1c35a36174256100942741bd3d96169aa985571dd59fc5506070d9
final_audited_artifacts/latex_book_skeleton/equations/ch09/eq-chapter-summary-and-handoff.tex,126,eaba4463ef6b8f627ed09bab3358c8d28e5c90a5628a3b066e9ca5ddffc89ad6
final_audited_artifacts/latex_book_skeleton/equations/ch09/eq-comparing-balancing-methods.tex,154,a726c9d3a70cdc53d194b1b87b586d1340658a1568956b07e5cece091532ca44
final_audited_artifacts/latex_book_skeleton/equations/ch09/eq-dynamic-bias-update-from-expert-load.tex,161,ea868b36f17eb3e0ad51751ddab10caa4011498d25ea58e52bc41043ba82816a
final_audited_artifacts/latex_book_skeleton/equations/ch09/eq-router-bias-as-non-trainable-state.tex,129,e5f994954a4adc9f2d3f692b8dd7de1a5c0de95653836b8db5dcfe1744803d3e
final_audited_artifacts/latex_book_skeleton/equations/ch09/eq-the-limitation-of-auxiliary-balancing.tex,154,5a58e26d5c82f6c6dcd6e2b97ad284d254962d6920d9000b703bb0d269b1b59e
final_audited_artifacts/latex_book_skeleton/equations/ch10/eq-chapter-summary-and-handoff.tex,140,eab1ea8829a5f9a421bc5f75e4fe2d1e95113e6044c0806924e8c9e243f7ee9a
final_audited_artifacts/latex_book_skeleton/equations/ch10/eq-configuration-objects-and-model-variants.tex,180,55cb23fc818911a6c9fbdfe0449b83c42268574c21cf99954bf2a03b13578847
final_audited_artifacts/latex_book_skeleton/equations/ch10/eq-decoder-block-with-dense-prefix-and-moe-layers.tex,166,e5133b2fcc501600f173828358c19ed89a20af57c501982876b4324c47cb3588
final_audited_artifacts/latex_book_skeleton/equations/ch10/eq-forward-pass-outputs-and-loss-dictionary.tex,143,1237bcc1d7b41130182eb8b02f6192ee7847e8010dbe7042dbf70d475a0bc8ac
final_audited_artifacts/latex_book_skeleton/equations/ch10/eq-full-model-smoke-tests.tex,113,e79cfece3410cd09f89dcbe3276fe6ce97397117df16227d18aa74bbc811d7fd
final_audited_artifacts/latex_book_skeleton/equations/ch10/eq-training-and-sampling-scripts.tex,162,7fc09d1bac6dc98822321991ea08e24d143c2def9648c10b975206c9ee534626
final_audited_artifacts/latex_book_skeleton/equations/ch11/eq-ablation-matrix-dense-top-1-top-2-shared-and-bias-balanced.tex,162,dfbe52400b2dbe41c887e610350e4936137b9a2c9c056decc5b271ab1da3072d
final_audited_artifacts/latex_book_skeleton/equations/ch11/eq-chapter-summary-and-handoff.tex,149,d5767e4a71516832055b3c2080b156845807c1ec769dd66af8d643d270c7a24e
final_audited_artifacts/latex_book_skeleton/equations/ch11/eq-dataset-preparation-and-reproducibility.tex,153,95f555b88ce7bceb124fa7d00e3618244ca9bdc17c722c41cc23079c91c7a1be
final_audited_artifacts/latex_book_skeleton/equations/ch11/eq-experiment-design-for-a-from-scratch-book.tex,162,9cdcc3c864ebcf3116364fa7b04009f5c8148337c76c37ea072c6d82dfbccfc8
final_audited_artifacts/latex_book_skeleton/equations/ch11/eq-interpreting-expert-behavior-carefully.tex,149,6c3f63940709dbec03f0392c1e015ae47c2c95ad6ee9d21490c590752b5e2b0a
final_audited_artifacts/latex_book_skeleton/equations/ch11/eq-loss-curves-and-routing-dashboards.tex,164,6092b4fa4e2956840b96d6f122e9b42991ff0063afb0fbb40c4cafa40f3c79bb
final_audited_artifacts/latex_book_skeleton/equations/ch12/eq-autoregressive-inference-with-sparse-ffns.tex,167,9739e9a1581c0a47a775a84bcda8f24620d3c34c846d72befa92238cb3d88ead
final_audited_artifacts/latex_book_skeleton/equations/ch12/eq-batching-routed-tokens-at-inference.tex,144,7c72e8c182554e4d13e2bc0539c1ed43ec064cf7ba27590626673d205f63f3d0
final_audited_artifacts/latex_book_skeleton/equations/ch12/eq-book-summary-and-next-steps.tex,151,76857e0575f9a0edbed34b109d41ff80d32f16dba23a130001a170805dea62b3
final_audited_artifacts/latex_book_skeleton/equations/ch12/eq-compute-memory-and-active-parameter-accounting.tex,202,0886fffe2d7871366ca00607dc9127fdc530fd1dfe7cb7e8c52ae27c28c14310
final_audited_artifacts/latex_book_skeleton/equations/ch12/eq-expert-parallelism-and-all-to-all-communication.tex,184,be6f2d9f6be3c4221793f621d7b6714ff4cbab35356edf3a56fdc0d5c9418741
final_audited_artifacts/latex_book_skeleton/equations/ch12/eq-mapping-the-book-model-to-production-moe-families.tex,178,3dbb030e476c8e0628af0bbaf1f4beae9ea6a29f3a383eb6ccbb9d83c2c7b8f1
final_audited_artifacts/latex_book_skeleton/figures/assets/placeholder-diagnostic.pdf,9807,b8bab05dee4ea0bcab68a88ed85fe089c5933ddef8f141917f9dbdfea02ebf1a
final_audited_artifacts/latex_book_skeleton/figures/assets/placeholder-plot.pdf,12594,97e615627a36dc5ce426c6070fd85891a672b1260b422f70309cef5bf1783835
final_audited_artifacts/latex_book_skeleton/figures/ch01/fig-a-tiny-routing-story.tex,1050,b25837f4f73f128020ff4cfa397b92cbe30b1c1ecb1cceede66885958c0945ef
final_audited_artifacts/latex_book_skeleton/figures/ch01/fig-chapter-summary-and-handoff.tex,1063,319d0f6f48490feacce62b5b184d96dc262e2296e1fbf8b0af69ae184040fb64
final_audited_artifacts/latex_book_skeleton/figures/ch01/fig-conditional-compute-as-the-central-idea.tex,1080,9b1da6904fbab91c5334e0aba177391e86c3b0a04f34edbed2bbe1fd443c97ad
final_audited_artifacts/latex_book_skeleton/figures/ch01/fig-the-dense-ffn-bottleneck.tex,1054,c570b83a0acbf622d043f259565d1306b3656f518b68ab8245d2ebd2df30966e
final_audited_artifacts/latex_book_skeleton/figures/ch01/fig-the-minideepseekmoe-build-ladder.tex,1103,15d6247c79c03d86f2b61472c2a3b0bda014215b43e6db93f3c1f560bc17e775
final_audited_artifacts/latex_book_skeleton/figures/ch01/fig-what-from-scratch-means-for-this-book.tex,1082,6302b742e9a1e291c250dadd53033758a03f3287a4c658228caee0940f5e8bad
final_audited_artifacts/latex_book_skeleton/figures/ch02/fig-baseline-diagnostics-and-comparison-slots.tex,280,844623a63ebe28717e4c7cd1a360dee25763048bfd2cbe82348ab5e0da17da5b
final_audited_artifacts/latex_book_skeleton/figures/ch02/fig-causal-self-attention-as-the-context-path.tex,1061,c324f540fc6e8484723ffcae53da0e108a3d657a70786dc1953f30d0524d2bbe
final_audited_artifacts/latex_book_skeleton/figures/ch02/fig-dataset-and-token-batches.tex,1024,97b8fa18ce9aab8dad26f141d24219a2efe04d571c2505abfa3addfc61851cf5
final_audited_artifacts/latex_book_skeleton/figures/ch02/fig-dense-feed-forward-block-as-the-replacement-target.tex,1074,c2c17b29295b479a2488d518f4e2b38231dd9ed8598e724cb50f2628460869aa
final_audited_artifacts/latex_book_skeleton/figures/ch02/fig-token-and-position-embeddings.tex,1044,44a0462568ec335193d075bf231ef12ae357e91258c9f795743ee2295d2e9ed0
final_audited_artifacts/latex_book_skeleton/figures/ch02/fig-training-loop-and-sampling-baseline.tex,1068,c86ee242d4413434e359de9ff00fd5d278140440fd9de8c36789d1c656964aef
final_audited_artifacts/latex_book_skeleton/figures/ch03/fig-chapter-summary-and-handoff.tex,1014,b84389620ce1c9457dd5e40593deb3344315fbe7618774f6925f79e686bfd910
final_audited_artifacts/latex_book_skeleton/figures/ch03/fig-expert-mlps-as-named-ffns.tex,1033,478904ab1fc9683abea0565edcd3627590c17a1acb2fdb69783bd854bd74fa6f
final_audited_artifacts/latex_book_skeleton/figures/ch03/fig-naive-token-by-token-dispatch.tex,1050,0f4163ffa6a8f87bdbccf5e46b85851467ab06044a2575f45b8d4ceadce4a45e
final_audited_artifacts/latex_book_skeleton/figures/ch03/fig-router-scores-and-tensor-shapes.tex,1076,a5f6a5dad3fa19f38f19ffaddd5c440e7274f518c0928b40ea6f0a97b7df1442
final_audited_artifacts/latex_book_skeleton/figures/ch03/fig-shape-and-gradient-checks.tex,1063,cc3254da3ab9af447e3f367a0392c8708516d1a55523f0a7bd9300aa01b6e7bb
final_audited_artifacts/latex_book_skeleton/figures/ch03/fig-top-k-selection-without-dispatch.tex,1048,c9fc39a2d652ab5c259706f4d41169d9c749bac8ef8c059a44219b36edd75d71
final_audited_artifacts/latex_book_skeleton/figures/ch04/fig-assignment-masks-and-expert-buckets.tex,1058,4a83e744ad8e1dcc976add22a4c6d9a680cdba8a8b30051d4644093886228236
final_audited_artifacts/latex_book_skeleton/figures/ch04/fig-capacity-and-dropped-tokens.tex,1041,85f0f54e6f548e332ffd746c45167e43624d05923a45de3eebcdb4c45afb487c
final_audited_artifacts/latex_book_skeleton/figures/ch04/fig-chapter-summary-and-handoff.tex,1031,fec9c588f5a353c9aa0cc41c35fae599c057e295ca399414c515614276f34bd3
final_audited_artifacts/latex_book_skeleton/figures/ch04/fig-dispatching-tokens-to-selected-experts.tex,1062,ebea043e04cddc8577a7c339dd7d31a7e60fbe6c35081391c37fc32ab5877604
final_audited_artifacts/latex_book_skeleton/figures/ch04/fig-load-histograms-and-failure-modes.tex,266,8d9f9f0f79ff404ee8764b989fb6dc50e76cfe3c7d0c3295b26887c2a56446ed
final_audited_artifacts/latex_book_skeleton/figures/ch04/fig-why-top-1-routing-is-the-simplest-sparse-case.tex,1063,9682c6de0c25281c859e7df8195c6b6e0b892704641352a5b64ee267bd229183
final_audited_artifacts/latex_book_skeleton/figures/ch05/fig-chapter-summary-and-handoff.tex,1016,310d9be3f45eb0ca073b7ef91ce38bfb0c8712af832d9f24967cf65513ad1399
final_audited_artifacts/latex_book_skeleton/figures/ch05/fig-comparing-top-1-and-top-2-diagnostics.tex,244,7a23209c2f1c5c070f4c921c5dc66403450afd76377cb7cf93db592369dc11be
final_audited_artifacts/latex_book_skeleton/figures/ch05/fig-dispatch-for-two-expert-paths-per-token.tex,1072,84c9adfa41e72409bf8261ef93df7421e83bc43093cf8da2ebac7b04c8959c45
final_audited_artifacts/latex_book_skeleton/figures/ch05/fig-normalizing-selected-router-scores.tex,1050,056a0203766c5bb268f547db597ebc4c6a09932793a6518585ac26115ef7516e
final_audited_artifacts/latex_book_skeleton/figures/ch05/fig-numerical-stability-in-top-k-gates.tex,1047,0baf0b8d18c059d2a8560668e4180263509c26694014c74189de025ae115f88f
final_audited_artifacts/latex_book_skeleton/figures/ch05/fig-why-top-2-changes-the-routing-story.tex,1037,e0be265c3f03f0093c758f113ccbc0939b88b5bb497e852f76aa50a1500001f1
final_audited_artifacts/latex_book_skeleton/figures/ch06/fig-capacity-factors-and-overflow-policy.tex,1065,3ccd1ab7d41b575bd413996cb0a0f4839d11777a2be123bb1e24c9d308b46998
final_audited_artifacts/latex_book_skeleton/figures/ch06/fig-chapter-summary-and-handoff.tex,1012,4d783bf6d407c937c91c0bb6712142df071890eb894a3c86b570c2c977227c99
final_audited_artifacts/latex_book_skeleton/figures/ch06/fig-equivalence-tests-against-the-naive-layer.tex,1065,cdbb1a1559124aa9957eedbb911d9e85da24f5b29a409aee8bb99fffee6125bd
final_audited_artifacts/latex_book_skeleton/figures/ch06/fig-expert-batch-construction.tex,1042,c51439c4df5b6171af4c63cf0611cccc594eb17cc4e2a756fc333734ba29a4c8
final_audited_artifacts/latex_book_skeleton/figures/ch06/fig-flattened-tokens-as-the-dispatch-unit.tex,1059,f98a5b1dc3fc86d13c68d815796e21b1b2e8bc8bffb44cc697ee43f0e3bf6c1c
final_audited_artifacts/latex_book_skeleton/figures/ch06/fig-unpacking-and-weighted-combine.tex,1055,9b92cefed0a168637c4d607b1ed7e1bcaa1dc92148253882e5cfeb44a15a11d3
final_audited_artifacts/latex_book_skeleton/figures/ch07/fig-auxiliary-load-balancing-loss.tex,1045,866362f6e1ffa1da830b16f555a336138480b63395378d5035e9260314f2192e
final_audited_artifacts/latex_book_skeleton/figures/ch07/fig-chapter-summary-and-handoff.tex,239,e2ea74a3aca51f128da49047482a5881095881aeb05b4c60b37d98be778bb3a8
final_audited_artifacts/latex_book_skeleton/figures/ch07/fig-expert-imbalance-as-a-training-problem.tex,262,e63505a4931fdcba0abf5230f5e563b01cfa367540a19e26d48d62bd66186e67
final_audited_artifacts/latex_book_skeleton/figures/ch07/fig-integrating-auxiliary-loss-into-training.tex,1077,f2c331f0e9269d641ec0f33ff7f8c4b277327219606b2b4dd5b82173de9c206a
final_audited_artifacts/latex_book_skeleton/figures/ch07/fig-router-score-scale-and-z-loss.tex,1054,b430bfd4d14ae47e06e7150d3a5a80da179f52313c3fe7f02ea7fc3f7d11df3c
final_audited_artifacts/latex_book_skeleton/figures/ch07/fig-routing-dashboards-and-training-logs.tex,276,991e0985f77115c9d89d379208ec1abe13c334933fcacbccf06e565a720df39b
final_audited_artifacts/latex_book_skeleton/figures/ch08/fig-chapter-summary-and-handoff.tex,1043,eee25caa9061cadc510a0385f31024b2a76239e43122f629bba70ee1bbafe323
final_audited_artifacts/latex_book_skeleton/figures/ch08/fig-combining-shared-and-routed-outputs.tex,1086,445cd6a38985ad67d9685506d47d0df3164da0e4563caa09a8384eb71035bad6
final_audited_artifacts/latex_book_skeleton/figures/ch08/fig-fine-grained-routed-expert-segmentation.tex,1052,da6917437821476063880adb41ba2bd751906404d9e80dcb74b3724521daa08a
final_audited_artifacts/latex_book_skeleton/figures/ch08/fig-specialization-diagnostics.tex,236,9356ebe0b42aad1ee82c12272c46fb66bf0258243b9476d9aac704c5bdd870ec
final_audited_artifacts/latex_book_skeleton/figures/ch08/fig-the-minideepseekmoe-layer-contract.tex,1094,d18396d35c738bdc316419c002c9b212aa67163913789cf0b1fc9b11bb0119dd
final_audited_artifacts/latex_book_skeleton/figures/ch08/fig-the-role-of-shared-experts.tex,1039,03c76b3834af17ef67016d6afcf64258202edd5ac115857b18032f525cc4ca48
final_audited_artifacts/latex_book_skeleton/figures/ch09/fig-biased-selection-and-unbiased-combine.tex,1081,028bf657b673540b7bca23118371f9521034aa21a48af35940291b68cb0c42d5
final_audited_artifacts/latex_book_skeleton/figures/ch09/fig-chapter-summary-and-handoff.tex,1051,20ad884de62a5585aaee5e2d97b351d28472f7af739e7811093d86e2fad5aa45
final_audited_artifacts/latex_book_skeleton/figures/ch09/fig-comparing-balancing-methods.tex,258,35264e83ad9a0fd9d8add63242ad931edc03c4a7eb18d42cc75f3766c31d3095
final_audited_artifacts/latex_book_skeleton/figures/ch09/fig-dynamic-bias-update-from-expert-load.tex,258,c7cf8bfa12e1fbce6f35767fda1e21e4b96723422d142dc57e9bc18ce421033c
final_audited_artifacts/latex_book_skeleton/figures/ch09/fig-router-bias-as-non-trainable-state.tex,1051,2ff1508ec1a7478bcbc577e5d3677daa934101d11ca956e5dd87fa294cd7f719
final_audited_artifacts/latex_book_skeleton/figures/ch09/fig-the-limitation-of-auxiliary-balancing.tex,1069,7d6df673d67b6c0b6ba730dc4128035e2e183a4ccd963108519218e4af974b01
final_audited_artifacts/latex_book_skeleton/figures/ch10/fig-chapter-summary-and-handoff.tex,1039,7cdb2b0023152e40a02d7c93862c4fc5f3b20b9bfcc00975545851b09136810c
final_audited_artifacts/latex_book_skeleton/figures/ch10/fig-configuration-objects-and-model-variants.tex,1092,bab33741dcee7b867b57d56cecd73b48d7f9b8ab079f8ce9dc25a6b0c887aa46
final_audited_artifacts/latex_book_skeleton/figures/ch10/fig-decoder-block-with-dense-prefix-and-moe-layers.tex,1086,a56edfaee28c8e420a50789872aebc8a887559a7fa8ec17f29f29fbdd35ef928
final_audited_artifacts/latex_book_skeleton/figures/ch10/fig-forward-pass-outputs-and-loss-dictionary.tex,1086,d02fc122e2a2f21ca892c02c5a07582a42398d5f880cac0679c9644d7b746efc
final_audited_artifacts/latex_book_skeleton/figures/ch10/fig-full-model-smoke-tests.tex,1033,76542babe2f9d08f2c89065b05bb28972cf4b97225fd1b3f46f52b90739e88b7
final_audited_artifacts/latex_book_skeleton/figures/ch10/fig-training-and-sampling-scripts.tex,1052,d4b928a868fcb602b7c5f52f05f0c8a0138ef074dda028d3dca08264785af5d5
final_audited_artifacts/latex_book_skeleton/figures/ch11/fig-ablation-matrix-dense-top-1-top-2-shared-and-bias-balanced.tex,293,c9cedb4a6d1071be41bd8e46e3be15b4fef99820660b1e0c4e9bc3e36a4d8749
final_audited_artifacts/latex_book_skeleton/figures/ch11/fig-chapter-summary-and-handoff.tex,1071,04d0b53c2c7c2e65bfa8f1937c86d27289304eb375064d3e8d15db904a7f290c
final_audited_artifacts/latex_book_skeleton/figures/ch11/fig-dataset-preparation-and-reproducibility.tex,1052,1fc938d621b3501720897674774eaf23e32fcc5d34e1fc98f94d150b282c6c60
final_audited_artifacts/latex_book_skeleton/figures/ch11/fig-experiment-design-for-a-from-scratch-book.tex,283,6a7fd5c07f9ea92ab92d7111cc806234a96e77bf3fe2792f44271de2cfef95a6
final_audited_artifacts/latex_book_skeleton/figures/ch11/fig-interpreting-expert-behavior-carefully.tex,1044,b4fe9754861d58ec42fe385cb8c4def7a4538a771a29e685b5497d4b889b8861
final_audited_artifacts/latex_book_skeleton/figures/ch11/fig-loss-curves-and-routing-dashboards.tex,251,a04b5e4d6aefd20409072edf188de83f5b72b245b74d1f110826d083393e3249
final_audited_artifacts/latex_book_skeleton/figures/ch12/fig-autoregressive-inference-with-sparse-ffns.tex,1070,79a46e73219b87294282ea7561f8b8bd857529ff6be630f6572711fc9bf4361e
final_audited_artifacts/latex_book_skeleton/figures/ch12/fig-batching-routed-tokens-at-inference.tex,1059,c6ae8d20a1feb098f3b8576590e68c0ca00da506998830d5df6151952582e794
final_audited_artifacts/latex_book_skeleton/figures/ch12/fig-book-summary-and-next-steps.tex,1076,a4cf7e5d664ccbf2d267771ac4579b3ef274ada31e231fe3f713d9594bba15b0
final_audited_artifacts/latex_book_skeleton/figures/ch12/fig-compute-memory-and-active-parameter-accounting.tex,267,b6be859c102edd1d7887c89b958e76de7cb82f147e2e82047f6b87ef2f4950b1
final_audited_artifacts/latex_book_skeleton/figures/ch12/fig-expert-parallelism-and-all-to-all-communication.tex,1116,70e69ff40b092e01dd34e3a0838f1dfe1b0f4fff2421d9c80b34c6862e493073
final_audited_artifacts/latex_book_skeleton/figures/ch12/fig-mapping-the-book-model-to-production-moe-families.tex,1088,16263aaa4cf6970519661c9cbfa930e043d8124252d1d9dcc5061ba5f5c99b4b
final_audited_artifacts/latex_book_skeleton/listings/ch01/lst-a-tiny-routing-story.tex,461,6fcf6f97a58f4bbf8300f322200a2f3ecd806bb98d16ff6487b862bb86c5ba85
final_audited_artifacts/latex_book_skeleton/listings/ch01/lst-chapter-summary-and-handoff.tex,471,b839c9260edd718f3c11897be64e6405dfa653a315a0822e4de8e1446b32347f
final_audited_artifacts/latex_book_skeleton/listings/ch01/lst-conditional-compute-as-the-central-idea.tex,519,566367580fd4d0f8defa02ddb77ba2e37781246b3b67665d8331f4b8ab875454
final_audited_artifacts/latex_book_skeleton/listings/ch01/lst-the-dense-ffn-bottleneck.tex,478,7d7a52b9630ae7283dd972a5b276ea696e260dc4cefa655447e3a06cbf36628d
final_audited_artifacts/latex_book_skeleton/listings/ch01/lst-the-minideepseekmoe-build-ladder.tex,496,426724fc87ba091efbd3ce0de43fbf750c6111486eefec11806bb1ffe69cec66
final_audited_artifacts/latex_book_skeleton/listings/ch01/lst-what-from-scratch-means-for-this-book.tex,510,039228e479cbc4e727ddd0954df08aa4b6e90374f88b88c7f61b1bcba36cafbe
final_audited_artifacts/latex_book_skeleton/listings/ch02/lst-baseline-diagnostics-and-comparison-slots.tex,512,e0f2a3e509ca6330456728879d4e9b9312cbc33159dc648a8bc053d9c9223696
final_audited_artifacts/latex_book_skeleton/listings/ch02/lst-causal-self-attention-as-the-context-path.tex,490,075d4ee5cdc7944749f9858039570ee26fa0f44d02340c81e53e1b269a2b86df
final_audited_artifacts/latex_book_skeleton/listings/ch02/lst-dataset-and-token-batches.tex,455,5172373b3bb3ca0e4b9ee27c2dae7bca63a280e96d5b95fd7311e52b8037717b
final_audited_artifacts/latex_book_skeleton/listings/ch02/lst-dense-feed-forward-block-as-the-replacement-target.tex,525,70f0bf462afc38e846226ab6ccd83c1b0140ee5163d79ceb208c9fe250bc087c
final_audited_artifacts/latex_book_skeleton/listings/ch02/lst-token-and-position-embeddings.tex,472,1668ca783babfd111f6071d6a4394952a757b448392486ff046bde4d848702da
final_audited_artifacts/latex_book_skeleton/listings/ch02/lst-training-loop-and-sampling-baseline.tex,504,6928fa60d8a3608cda2782c597d0f65ed9d1bce9ec96cba6344684ca0154bb89
final_audited_artifacts/latex_book_skeleton/listings/ch03/lst-chapter-summary-and-handoff.tex,471,45d809902bc4bf2f513264bfeeb585e5e4287c369520d9630114fee85cc57fb6
final_audited_artifacts/latex_book_skeleton/listings/ch03/lst-expert-mlps-as-named-ffns.tex,468,dad823977238882093bcc033d212218af0f19f695155ee293fccd8049ab3ef09
final_audited_artifacts/latex_book_skeleton/listings/ch03/lst-naive-token-by-token-dispatch.tex,476,4749cd2a70e25797b1652a180b1fdbd0398bd87d758b7874a3d15b65898fa261
final_audited_artifacts/latex_book_skeleton/listings/ch03/lst-router-scores-and-tensor-shapes.tex,469,ae23fe58f2737de6e530c9b7c1874e3ccc3d73ac47c3894f8e4f0e1c86869183
final_audited_artifacts/latex_book_skeleton/listings/ch03/lst-shape-and-gradient-checks.tex,458,abf8f89739d2f4b752eddf25902619f8f09b244d8082a2ba4b3a74d3c4c51686
final_audited_artifacts/latex_book_skeleton/listings/ch03/lst-top-k-selection-without-dispatch.tex,476,5b5d4840b9af6c1498cb0373aade63c37d1a3cc4dd70e8eb85c5d10b93c1a79f
final_audited_artifacts/latex_book_skeleton/listings/ch04/lst-assignment-masks-and-expert-buckets.tex,481,45264a57bc839002e01f015b67bb62981bb0ba84d241cc05e61d7342871a0816
final_audited_artifacts/latex_book_skeleton/listings/ch04/lst-capacity-and-dropped-tokens.tex,465,3e0ac9855076f89a90cba45407cb2532a8559d485e04bdd9c9a6f0f1fe1c64c8
final_audited_artifacts/latex_book_skeleton/listings/ch04/lst-chapter-summary-and-handoff.tex,462,7ac8372043a77d8827e14476a7771c975a6b813841c604b864f5a4ba95c7f492
final_audited_artifacts/latex_book_skeleton/listings/ch04/lst-dispatching-tokens-to-selected-experts.tex,487,4a0f0a60e1c9532fb415b6fe3736bf9ef0e62e2b7ca4fa6475140a363d76f59b
final_audited_artifacts/latex_book_skeleton/listings/ch04/lst-load-histograms-and-failure-modes.tex,494,d5ff24d3d8f19964b76bc44489e129e1ff06628cc7c2ffd18da45cd14227b322
final_audited_artifacts/latex_book_skeleton/listings/ch04/lst-why-top-1-routing-is-the-simplest-sparse-case.tex,513,e1a8d402e71cc978e55eb3c3c27d8a36bfa1b8359ffb49b98cb8431352c925a4
final_audited_artifacts/latex_book_skeleton/listings/ch05/lst-chapter-summary-and-handoff.tex,481,0b1e9fa3c5eaaa7bf85a58a6a0599c315427a7c9ebab7229e7c7eac1a64801e6
final_audited_artifacts/latex_book_skeleton/listings/ch05/lst-comparing-top-1-and-top-2-diagnostics.tex,488,1b52aaef55ade39507d2b06e6ca7316bad494eceb0676c38640ac045dd85d2bc
final_audited_artifacts/latex_book_skeleton/listings/ch05/lst-dispatch-for-two-expert-paths-per-token.tex,508,75831f1c853f97e83add5e1a799f36a3f3298a8a9d1366a1a7407991046dceeb
final_audited_artifacts/latex_book_skeleton/listings/ch05/lst-normalizing-selected-router-scores.tex,486,b1f000238830bf0f212ed03f9ac226f84d1b41a398ba9e8e0a5ce52a0dbafcac
final_audited_artifacts/latex_book_skeleton/listings/ch05/lst-numerical-stability-in-top-k-gates.tex,498,299c8e78aa110d82eedf60233739cae4e673a28bf0114f2f273895085676407a
final_audited_artifacts/latex_book_skeleton/listings/ch05/lst-why-top-2-changes-the-routing-story.tex,487,18156f6841abe5d29d1939f5f1a5984e07ee2af6cecfc3aa74d5bfcbf836a194
final_audited_artifacts/latex_book_skeleton/listings/ch06/lst-capacity-factors-and-overflow-policy.tex,479,01e957a5f2b30406f37aef0dd89e7b80bcab7a8a61a9fc02bcd4e3f2cc1d4d09
final_audited_artifacts/latex_book_skeleton/listings/ch06/lst-chapter-summary-and-handoff.tex,465,2d96d0f2110f33097ee0655848fe581d8781f1e4f7666eab26a0aa1d2e636e04
final_audited_artifacts/latex_book_skeleton/listings/ch06/lst-equivalence-tests-against-the-naive-layer.tex,509,baac94f8432d800b74cff2fe1b179d376a1089dfe47e98c8c5a3c4c85ddead17
final_audited_artifacts/latex_book_skeleton/listings/ch06/lst-expert-batch-construction.tex,452,1a0a6dab4b68f91019d15f061e49b0865e469fd728b5137595942aed7a346946
final_audited_artifacts/latex_book_skeleton/listings/ch06/lst-flattened-tokens-as-the-dispatch-unit.tex,488,720cb3fc7e6e98e723f00e7cb04159b080bd188b7f622c362217802fa81ca38f
final_audited_artifacts/latex_book_skeleton/listings/ch06/lst-unpacking-and-weighted-combine.tex,476,d13bf23df0e9541f13d190a8d055a9375b40b4f814a05550efa1f54613f5112d
final_audited_artifacts/latex_book_skeleton/listings/ch07/lst-auxiliary-load-balancing-loss.tex,478,3ee0c091878c9a71e2f0db8d6304678c9f77e142fa70e13852b4a711c7e4a7f9
final_audited_artifacts/latex_book_skeleton/listings/ch07/lst-chapter-summary-and-handoff.tex,466,231a88e357a438f9f5efc5c5b7a1bc2eda47816d3ebbc0f00d0b777c849072d0
final_audited_artifacts/latex_book_skeleton/listings/ch07/lst-expert-imbalance-as-a-training-problem.tex,497,b7a986e80b2c726a3695022010b00fef2aec078cd1a7c8b30cb20dc170a43c40
final_audited_artifacts/latex_book_skeleton/listings/ch07/lst-integrating-auxiliary-loss-into-training.tex,502,8c678816e0b69e4632a5ff553b576905876c366b2629b933e4c90d63c6f486c3
final_audited_artifacts/latex_book_skeleton/listings/ch07/lst-router-score-scale-and-z-loss.tex,482,11daa5ccc8b550d8a7ea95d0bfea2941bd7af614fd866880072d36456d51e9c6
final_audited_artifacts/latex_book_skeleton/listings/ch07/lst-routing-dashboards-and-training-logs.tex,489,cede5f09ecfb024c2c845d11c6f4e7df062ebaa2c3bfe0a085ca7f7702bdf0b8
final_audited_artifacts/latex_book_skeleton/listings/ch08/lst-chapter-summary-and-handoff.tex,455,6f675bd8004ee8915b801b39b7d271cec2c24edc83d2792cb8eea5c9f836d167
final_audited_artifacts/latex_book_skeleton/listings/ch08/lst-combining-shared-and-routed-outputs.tex,470,4fa82aed30fb3d6fa748bfd5729dd124411191e4a8d132986fb8df4b6bd4a1fd
final_audited_artifacts/latex_book_skeleton/listings/ch08/lst-fine-grained-routed-expert-segmentation.tex,520,ec6f17cf581b35e5a770871916a7d6facb1b9e14bfb3131a2152c87a6b509979
final_audited_artifacts/latex_book_skeleton/listings/ch08/lst-specialization-diagnostics.tex,439,d6da798bb82ac14172944f7b54d35116b64dd7260f20f7b6292851606c1245ff
final_audited_artifacts/latex_book_skeleton/listings/ch08/lst-the-minideepseekmoe-layer-contract.tex,507,3cb1a1c8473cfcca91c4d443db13a68bb1d5ddc747f907ddb30f5a102bbb9299
final_audited_artifacts/latex_book_skeleton/listings/ch08/lst-the-role-of-shared-experts.tex,452,fcc7acce3264bae490a87ba4496ccfcd6db3e7a99c084aada133364ffe05539c
final_audited_artifacts/latex_book_skeleton/listings/ch09/lst-biased-selection-and-unbiased-combine.tex,533,9b949117da48fea83577fe0ef347e7832cfaad207fa72e8f54555e3f2e79ff51
final_audited_artifacts/latex_book_skeleton/listings/ch09/lst-chapter-summary-and-handoff.tex,476,bc7cc1059719230737841b329df71dd53b000cdfc3c4d8a08c10209f44d0d0df
final_audited_artifacts/latex_book_skeleton/listings/ch09/lst-comparing-balancing-methods.tex,447,54f738575a1967025829348729b0df095daf459449a1e4e0d61440d3ff0abde5
final_audited_artifacts/latex_book_skeleton/listings/ch09/lst-dynamic-bias-update-from-expert-load.tex,506,2e25ee0ae25d2e793a5e6eacf36b40afdf0cbac10228c40b30464d7922cf6f0d
final_audited_artifacts/latex_book_skeleton/listings/ch09/lst-router-bias-as-non-trainable-state.tex,499,e1b334d831cca7fbc63ff1efe4b73a518e72e81566204f8bf80325c0666861c0
final_audited_artifacts/latex_book_skeleton/listings/ch09/lst-the-limitation-of-auxiliary-balancing.tex,505,22c47c7f4291eac265bad573de6db09ab2e9ccfe8aca57d1187a7a8b2e67fa74
final_audited_artifacts/latex_book_skeleton/listings/ch10/lst-chapter-summary-and-handoff.tex,454,9af1d930dc3367086747a473b034c3c54bda2fd1c152cd1c2a4520146eeceb1d
final_audited_artifacts/latex_book_skeleton/listings/ch10/lst-configuration-objects-and-model-variants.tex,499,d56a1f08126e834f173db646f64063a3a2827d43134bdca58bb0e814b5eb70a9
final_audited_artifacts/latex_book_skeleton/listings/ch10/lst-decoder-block-with-dense-prefix-and-moe-layers.tex,530,2877a57854c6bf319fc4e101c92cc8be597024468230ba36ff4acb597487a042
final_audited_artifacts/latex_book_skeleton/listings/ch10/lst-forward-pass-outputs-and-loss-dictionary.tex,508,70be74f63e6f12a6b71635df669c3f2d66470cb71e94d83db264da000f5cd106
final_audited_artifacts/latex_book_skeleton/listings/ch10/lst-full-model-smoke-tests.tex,484,aaeef8f2d7278c30a85416268e9c88bcfd8dc3e8af0c2cdd4e25ffbdf568fe87
final_audited_artifacts/latex_book_skeleton/listings/ch10/lst-training-and-sampling-scripts.tex,504,fcff29b6dddafe259e46683bda8a6a2cbf8dd1976d3d587748f9dc318b1c0b1d
final_audited_artifacts/latex_book_skeleton/listings/ch11/lst-ablation-matrix-dense-top-1-top-2-shared-and-bias-balanced.tex,566,b6fd589a7e0e3495e68f8162f0cb41c56e6e3cd22505b6e9d85609bc78e78a84
final_audited_artifacts/latex_book_skeleton/listings/ch11/lst-chapter-summary-and-handoff.tex,479,8276fe1807a3e868d762baaf31b3e696ec82ff08ea3112eecdd1ab867267ff88
final_audited_artifacts/latex_book_skeleton/listings/ch11/lst-dataset-preparation-and-reproducibility.tex,504,24b3d86f6be786a3731120be466d9ef1c814d445dfdf0b97477fa0c7da13e5b5
final_audited_artifacts/latex_book_skeleton/listings/ch11/lst-experiment-design-for-a-from-scratch-book.tex,517,3bb2c858935994ac3aaf7e604873bce6aedb3f0791b04c3817a6568efa505573
final_audited_artifacts/latex_book_skeleton/listings/ch11/lst-interpreting-expert-behavior-carefully.tex,507,47f24ff870501c2f99cdba2ba13376aad3d64c2bbe8e1aafe0ee9a97ab7ee860
final_audited_artifacts/latex_book_skeleton/listings/ch11/lst-loss-curves-and-routing-dashboards.tex,492,d803b43ba2a7f2743636a3cce1c0258a131d3725b61e46a7eadc597fc8949376
final_audited_artifacts/latex_book_skeleton/listings/ch12/lst-autoregressive-inference-with-sparse-ffns.tex,516,4af6be59be106d2c902c398b864eb74982cd6625840c6e8610c08ab4b47f1ac0
final_audited_artifacts/latex_book_skeleton/listings/ch12/lst-batching-routed-tokens-at-inference.tex,503,12350f93abd233d7d0b35bf4068a587855b3a5b967e482edf2bda7c2d9eb6a0e
final_audited_artifacts/latex_book_skeleton/listings/ch12/lst-book-summary-and-next-steps.tex,502,891de358e87446ad10e3c550db299861eab5e9da98a6792a4f04462b052c5fba
final_audited_artifacts/latex_book_skeleton/listings/ch12/lst-compute-memory-and-active-parameter-accounting.tex,536,8e0ba41757854b58664fbf7a613f5da345ca5161d195087c860bb66699ccd3bf
final_audited_artifacts/latex_book_skeleton/listings/ch12/lst-expert-parallelism-and-all-to-all-communication.tex,547,4a999bee158a41b90cb1430679071adeca83ffabbedffd15114faa42e041a28e
final_audited_artifacts/latex_book_skeleton/listings/ch12/lst-mapping-the-book-model-to-production-moe-families.tex,550,4766596dbca58b2ec135dd2234d3758c062dcea71b232d85f9dd53282e53680b
final_audited_artifacts/latex_book_skeleton/main.tex,2211,ac9805177b7b2ecfbe110d14e9b01d30819faca723043a4622dfba434ebb5ca0
final_audited_artifacts/latex_book_skeleton/phase7_audit_preview.pdf,566835,af67b809f89f71939c5e9d7a058ca199e8dabd01b26c8b415f0b0ef606c55f69
final_audited_artifacts/latex_book_skeleton/styles/colors.tex,765,d76988ef57a7b98329eadae6ff253ab04a337481b316a7d8c2ba1b86d9095c6e
final_audited_artifacts/latex_book_skeleton/styles/macros.tex,973,aae2a5a506ab3f2c1ff3327c7f6a8e822b434465569a10bf4f9a81d7cf961373
final_audited_artifacts/latex_book_skeleton/styles/tikzstyles.tex,1504,f15d86499b0db616c0253df658c7f44511e2307add670804f556d4bab32bbdf8
final_audited_artifacts/latex_book_skeleton/tables/ch01/tab-a-tiny-routing-story.tex,630,03fa5fb5178e49e5756481a141b0d4472cbe2f9b1791e55ef2f3a7e79eea4edb
final_audited_artifacts/latex_book_skeleton/tables/ch01/tab-chapter-summary-and-handoff.tex,641,8515e9c80a25ec5e624e1b187b6719cea79ca4ac0f37bf9aa09e434adb2df51d
final_audited_artifacts/latex_book_skeleton/tables/ch01/tab-conditional-compute-as-the-central-idea.tex,700,9762bef9ed70f077885a75760abd8111bee6fb16a1484db89b3338dc3bc2bdc8
final_audited_artifacts/latex_book_skeleton/tables/ch01/tab-the-dense-ffn-bottleneck.tex,732,92f9161935644f53520bc7dee343105062bff2eebe018a4b5a3479b3269d1a6e
final_audited_artifacts/latex_book_skeleton/tables/ch01/tab-the-minideepseekmoe-build-ladder.tex,687,5297e31c6dee1aa8a1a176101c3779a6f60685e0e5306b7a05de1cfd4f263c27
final_audited_artifacts/latex_book_skeleton/tables/ch01/tab-what-from-scratch-means-for-this-book.tex,751,8095ac428ba692712c6af45cc72d21a565a5137678316a7aa7fc4718adbf89dc
final_audited_artifacts/latex_book_skeleton/tables/ch02/tab-baseline-diagnostics-and-comparison-slots.tex,644,c68492aec72b32463abc20fb776793a39c95a540fd42eb7af8f7e5a17ad33989
final_audited_artifacts/latex_book_skeleton/tables/ch02/tab-causal-self-attention-as-the-context-path.tex,594,8d72f230d9ff538536d9ab891676f93c6c6f6b38d83a3483d1a7d3c55294e39e
final_audited_artifacts/latex_book_skeleton/tables/ch02/tab-dataset-and-token-batches.tex,608,c6728561cef9c96863b8e285f3a2e3ada18f5de7e21c1f0319bbf41d10099d62
final_audited_artifacts/latex_book_skeleton/tables/ch02/tab-dense-feed-forward-block-as-the-replacement-target.tex,600,468a787e3a6ce436aacd3c4167e730cc5b00a763dda612e94443ab4f60859492
final_audited_artifacts/latex_book_skeleton/tables/ch02/tab-token-and-position-embeddings.tex,603,95f546403dda4c414927ab693ec349fbaea70ad6cc5cce5683e23205942299a8
final_audited_artifacts/latex_book_skeleton/tables/ch02/tab-training-loop-and-sampling-baseline.tex,616,1740cf273188c0904ec256e08a72d9e6ba8f42aefcdfe995e0cda58cecb2b579
final_audited_artifacts/latex_book_skeleton/tables/ch03/tab-chapter-summary-and-handoff.tex,628,8379f4dfc6b40d4adbc682e2aaa0bae2ac8fdb5f658e8ff999bbaa03cb99a859
final_audited_artifacts/latex_book_skeleton/tables/ch03/tab-expert-mlps-as-named-ffns.tex,615,5c04b248ae7c0a0b215b2a5f328a2019534cc50b789d96ed5ed12786abbe58d4
final_audited_artifacts/latex_book_skeleton/tables/ch03/tab-naive-token-by-token-dispatch.tex,613,6ca26f4ebb0d11cf2b41825cd778a442d7b41e3d13b560855b499be51354726c
final_audited_artifacts/latex_book_skeleton/tables/ch03/tab-router-scores-and-tensor-shapes.tex,676,f099140422f93df07e666f5d7abd5b3168220a59ce3c2e50a229a9837d7a0cc1
final_audited_artifacts/latex_book_skeleton/tables/ch03/tab-shape-and-gradient-checks.tex,651,8ccd4834a49b20d729a27a449f9f629075ce366e2d4b9d54d78d0d9361ef7b3e
final_audited_artifacts/latex_book_skeleton/tables/ch03/tab-top-k-selection-without-dispatch.tex,621,238e4f0d17d03e8f26e073fe1866faa5992e7fc864231db2863ace8802f0c6a8
final_audited_artifacts/latex_book_skeleton/tables/ch04/tab-assignment-masks-and-expert-buckets.tex,574,f0dec95537cb41ef8c7a04467b9c323a289af9da9420f72886f2419517755ca2
final_audited_artifacts/latex_book_skeleton/tables/ch04/tab-capacity-and-dropped-tokens.tex,666,3fb91a1383ff14fcc5c843600554af2f58c6b44b8163a1088e28c452e7c7695b
final_audited_artifacts/latex_book_skeleton/tables/ch04/tab-chapter-summary-and-handoff.tex,637,b02cdcc8e3936eee19a3f740432c0bf1e8ca2e9e2a87bed8722540e783c34a22
final_audited_artifacts/latex_book_skeleton/tables/ch04/tab-dispatching-tokens-to-selected-experts.tex,629,3ecebfed4fc702984e1e872fee6837be9915570fd9cfc698860bd0f5066935a7
final_audited_artifacts/latex_book_skeleton/tables/ch04/tab-load-histograms-and-failure-modes.tex,641,45da401cec786a5b6ec2997924dbe989703fb136a55f8897e32082101cc9b533
final_audited_artifacts/latex_book_skeleton/tables/ch04/tab-why-top-1-routing-is-the-simplest-sparse-case.tex,634,0eb9b7c8d131031bb45a2445a4b761e401626629a56a3df838f2327bb7b79e44
final_audited_artifacts/latex_book_skeleton/tables/ch05/tab-chapter-summary-and-handoff.tex,604,d2e451128bbc1a89e8b7235721bc907ffd747af624249d7f8c54b84c7697ea2d
final_audited_artifacts/latex_book_skeleton/tables/ch05/tab-comparing-top-1-and-top-2-diagnostics.tex,641,89e9daa500130462d9566e17cbfcd3bb226cbf9f50d8b1783a5c2383b5c2af14
final_audited_artifacts/latex_book_skeleton/tables/ch05/tab-dispatch-for-two-expert-paths-per-token.tex,644,2f893749a6de4d2601d82f3885a14412898aa16b5f59d8f5268af5f8c325fc82
final_audited_artifacts/latex_book_skeleton/tables/ch05/tab-normalizing-selected-router-scores.tex,583,e88f1dc3860b4482066359ba8e4d482913df9db69eb1ad74bff099a233b3da06
final_audited_artifacts/latex_book_skeleton/tables/ch05/tab-numerical-stability-in-top-k-gates.tex,631,90b540bfb402f124b841151aaf663921828cca193ab35837cdf833269efe6122
final_audited_artifacts/latex_book_skeleton/tables/ch05/tab-why-top-2-changes-the-routing-story.tex,615,cb717790f25fab273bb543a1c3f5b54ac973c2e1e67a9c74a6c64c48b3414b62
final_audited_artifacts/latex_book_skeleton/tables/ch06/tab-capacity-factors-and-overflow-policy.tex,595,117e778cb8c0e2458c4004ca640545a4f10e806b5f682dd933a98942a6c13065
final_audited_artifacts/latex_book_skeleton/tables/ch06/tab-chapter-summary-and-handoff.tex,627,48ddf642c207c14516418e2a4f6a59610de62847d26af8eb2fe35cca00957628
final_audited_artifacts/latex_book_skeleton/tables/ch06/tab-equivalence-tests-against-the-naive-layer.tex,647,d7c0530babf87eec04aed9156db598423ca2f464f2edf16818d33bf5f4dfdd3b
final_audited_artifacts/latex_book_skeleton/tables/ch06/tab-expert-batch-construction.tex,584,5b078385d86af12a42bff143bbcca1af7b3dbd674ad37778d306aa8fff46e13e
final_audited_artifacts/latex_book_skeleton/tables/ch06/tab-flattened-tokens-as-the-dispatch-unit.tex,630,9e980779af9cbb72c48b9ef6da14608dd4e2628b37dadb79d2f5f5d70e3c3d21
final_audited_artifacts/latex_book_skeleton/tables/ch06/tab-unpacking-and-weighted-combine.tex,681,e097d22311f957054e4831571460ebb23ba6d2ab5797a389f639d79ac4e3f4d6
final_audited_artifacts/latex_book_skeleton/tables/ch07/tab-auxiliary-load-balancing-loss.tex,615,99202de4c5d3a66dbb4dcafc271e9f9a16f5c5f6651506b4dcf230f7eed5f29f
final_audited_artifacts/latex_book_skeleton/tables/ch07/tab-chapter-summary-and-handoff.tex,639,1fd3908bc9a6204e7ab65170ef3e0e9f9ba3e0b76743fc2b85ad90f91f177703
final_audited_artifacts/latex_book_skeleton/tables/ch07/tab-expert-imbalance-as-a-training-problem.tex,623,65560c5a401db973192e5ef1ee544a973cf0a322d1532d8c3bb881ec24a24c76
final_audited_artifacts/latex_book_skeleton/tables/ch07/tab-integrating-auxiliary-loss-into-training.tex,656,d987381a8baf8d1d4c0709a12f285054f5a2828408a92a32884b27a4e3113a1a
final_audited_artifacts/latex_book_skeleton/tables/ch07/tab-router-score-scale-and-z-loss.tex,623,a88ee512927f6a978d91dcdaa1b4d2a7b50e3ab9369875a08dcc1d74b62bf063
final_audited_artifacts/latex_book_skeleton/tables/ch07/tab-routing-dashboards-and-training-logs.tex,621,5ea329f0ad7a55bdf5093e9c439e93b5aae78149914b55ef7b4a612c3663cc1d
final_audited_artifacts/latex_book_skeleton/tables/ch08/tab-chapter-summary-and-handoff.tex,641,736a48e4f4bd2a84e7c9463e135f0492573d10b0c56748e68c6b057dff48e517
final_audited_artifacts/latex_book_skeleton/tables/ch08/tab-combining-shared-and-routed-outputs.tex,657,3e24493998057e54cff0f9bda67bc6639a600e5189b903b43b140382ad12c0b4
final_audited_artifacts/latex_book_skeleton/tables/ch08/tab-fine-grained-routed-expert-segmentation.tex,671,fc86e61e3f72993a736a89ed5b4bf767522dedc23bda3ed545b190afaa63710e
final_audited_artifacts/latex_book_skeleton/tables/ch08/tab-specialization-diagnostics.tex,669,b0ab762983f21dbd975b66511bc8a93aaa5adb5fa29bc2c0833520ad6339922f
final_audited_artifacts/latex_book_skeleton/tables/ch08/tab-the-minideepseekmoe-layer-contract.tex,634,5d9e5d139c02d57241d33456fe2dfa6301a9a9c8451953d5d5ffa34fc9b0bfd3
final_audited_artifacts/latex_book_skeleton/tables/ch08/tab-the-role-of-shared-experts.tex,664,c611eccd1979d92935ce0cb351778b7426400c541bdd96326d7e08586d3aecda
final_audited_artifacts/latex_book_skeleton/tables/ch09/tab-biased-selection-and-unbiased-combine.tex,666,3b5c7cebdc1aa225870019231ec4aee7ec31675c87eaa7276fc6cfed8ef23619
final_audited_artifacts/latex_book_skeleton/tables/ch09/tab-chapter-summary-and-handoff.tex,638,b75ee4d056a0c09d19eb5e67013cd99f450fbe71f48e481529a903f3e2c4aa3e
final_audited_artifacts/latex_book_skeleton/tables/ch09/tab-comparing-balancing-methods.tex,708,bc30368b5130d59a959705efdea9ac9fb9ca1a2cfbf662e9d818c19358763256
final_audited_artifacts/latex_book_skeleton/tables/ch09/tab-dynamic-bias-update-from-expert-load.tex,638,72480072c320a856c5efe32a39047d0ada796eb3ba947acadfe1a159b1d4aa87
final_audited_artifacts/latex_book_skeleton/tables/ch09/tab-router-bias-as-non-trainable-state.tex,696,73be83fe5f00b5eb179fe024ea4440a799f9ba9153855d5e217e6a59a40d2b30
final_audited_artifacts/latex_book_skeleton/tables/ch09/tab-the-limitation-of-auxiliary-balancing.tex,634,d2f380ed1283dc5114c8585c9585df87cf3d212f3e07f3668552bb3de86cded7
final_audited_artifacts/latex_book_skeleton/tables/ch10/tab-chapter-summary-and-handoff.tex,642,1f7c1736939373041e2a7545a7a4c30cf99906eb5aaf952a243860405043e1ee
final_audited_artifacts/latex_book_skeleton/tables/ch10/tab-configuration-objects-and-model-variants.tex,610,663ec97d2df30fa1cb39fec5f62bbd0d34ceceb33fe87b39055b51e03f5b1344
final_audited_artifacts/latex_book_skeleton/tables/ch10/tab-decoder-block-with-dense-prefix-and-moe-layers.tex,628,83ad943912d0386a31da081ebda8196e156e5a56615d6ae86c73f8f0c6760884
final_audited_artifacts/latex_book_skeleton/tables/ch10/tab-forward-pass-outputs-and-loss-dictionary.tex,658,57d2506a83291a63dc0850d83e5f2220102886205e4f5fd5f25ee93d7aa591e5
final_audited_artifacts/latex_book_skeleton/tables/ch10/tab-full-model-smoke-tests.tex,571,76f008ad810cb272189a5a07ee4a0b05050abf58afdce84e135ea85f94edefcb
final_audited_artifacts/latex_book_skeleton/tables/ch10/tab-training-and-sampling-scripts.tex,613,7a4adcf53dc25d46c88d3ab42b7fd3809a830913f1a36a0773d7b6bc75cef091
final_audited_artifacts/latex_book_skeleton/tables/ch11/tab-ablation-matrix-dense-top-1-top-2-shared-and-bias-balanced.tex,714,10b9c8b158dc84a8e6c666d6bce53e2157bed554b938e1327e5c7a0bf6c3762f
final_audited_artifacts/latex_book_skeleton/tables/ch11/tab-chapter-summary-and-handoff.tex,658,a0d2f463584502d631708d6f3e474706cfd9fdc9d7d36287cdb3ae46dbe4ae50
final_audited_artifacts/latex_book_skeleton/tables/ch11/tab-dataset-preparation-and-reproducibility.tex,626,b0bb498705541f0a1ed562c6699b1d806f0059a1067e08ccbdcb7040548df8e5
final_audited_artifacts/latex_book_skeleton/tables/ch11/tab-experiment-design-for-a-from-scratch-book.tex,653,703e022e79c974c884e912ff02c9a92a25e496d6b286e02cb2a929c19a97643a
final_audited_artifacts/latex_book_skeleton/tables/ch11/tab-interpreting-expert-behavior-carefully.tex,673,55c672e74808b072e41864849195be610e73628ce9d6c09a725803c5924254df
final_audited_artifacts/latex_book_skeleton/tables/ch11/tab-loss-curves-and-routing-dashboards.tex,643,23d445a42e5cdbe57df2b40c4d73d78954d1862a38d56c0c896e7c48df13c1a0
final_audited_artifacts/latex_book_skeleton/tables/ch12/tab-autoregressive-inference-with-sparse-ffns.tex,655,3c5b74aa5c1c7f430cf9a1c4b48c30b097bc01f2df66c242d042664f0abeef8a
final_audited_artifacts/latex_book_skeleton/tables/ch12/tab-batching-routed-tokens-at-inference.tex,633,d035d7789c29841d999917a58eb4dbfb7a507747171152a5630685f4101360bf
final_audited_artifacts/latex_book_skeleton/tables/ch12/tab-book-summary-and-next-steps.tex,676,452207cb9803fe48f38d1bb4bee5b786b5a64907668caf149f2a992a1657b1ee
final_audited_artifacts/latex_book_skeleton/tables/ch12/tab-compute-memory-and-active-parameter-accounting.tex,677,570bd5f05f5a87dd5def24ba0f2534dbae275e8b9c5a4420db6b5293cbb936fb
final_audited_artifacts/latex_book_skeleton/tables/ch12/tab-expert-parallelism-and-all-to-all-communication.tex,683,0d29fa8136ec33fa7cae05e6771502e00a6d846f03d0e42c48b13d3c570f68d6
final_audited_artifacts/latex_book_skeleton/tables/ch12/tab-mapping-the-book-model-to-production-moe-families.tex,728,105e3749f3ea9a3fb58bfcbf3e9c088e450eafd35810f7e755a5a2af8b99befc
final_audited_artifacts/model_selection/alternatives_compared.md,2621,c59dd36a6d3774b95598a139849a9c79ed553a31c276bde728cbf4a78be569a0
final_audited_artifacts/model_selection/diagnostic_requirements.md,2088,ca952b529408fcf7983fe281077c228175e2a1b2d01cd2023d1baef2fe6ded40
final_audited_artifacts/model_selection/implementation_scope.md,1780,d745e1736de6bb8101e821fa9d758542a8678e0636fee0a3276db4b0c1772a6e
final_audited_artifacts/model_selection/model_choice.md,2935,bd53638d492d7efb220a83decaea8156c9f1e12ff031e4e869005299124c913c
final_audited_artifacts/model_selection/reference_model_spec.md,3153,56ec2af44992d33c7df482f939afd8da29490a89d1a8278da3cb35486ad96797
final_audited_artifacts/model_selection/source_book_alignment.md,2342,d14c314a23043d2bef0526de4abea31c016f600efc8bac220b8d9f6bf6b9b40d
final_audited_artifacts/model_selection/source_checks.md,1701,9419cc11f57d235384ca0274c8c964a8d87b910fa817dc213bc3874af4c752cc
final_audited_artifacts/overall_plan/artifact_master_index.md,3251,cc0a975bcc31af5bca7a76bcd01bcbd889ba8b405b3d466209ed946c0a7dddbc
final_audited_artifacts/overall_plan/book_plan.md,3633,1e34071de84abb91cb5f2e5b5db106cb134640cffa3816feedca32e06b221656
final_audited_artifacts/overall_plan/chapter_sequence.md,3620,f245a9735b5c821438076e44f96e082f356cfd96078f843a705f3d2983c6bb2c
final_audited_artifacts/overall_plan/codebase_layout_plan.md,2680,4ce47f85fd17629489bab33614ffffd7bcab305bfa8d0b1997dfd893b7cf643d
final_audited_artifacts/overall_plan/development_milestones.md,6167,6a1171c38747bee821e2c317ba2aa37d426c29b4c82f1dce05ccfebc3a508e8e
final_audited_artifacts/overall_plan/latex_project_layout.md,1017,cf500767d36d1c95e959c63d6b0ce0a5e19e5e0107b28aeb8914d38fe28534a6
final_audited_artifacts/phase1_derived_latex_template/moe_template.pdf,219159,ed245e87b629ce2ad7c2a70351209927fa8d49637aa5fb2e25b74cb352d6a649
final_audited_artifacts/phase1_repo_layout/codebase_layout.md,2727,0c502329026d2336976912ca688307a25202b0e3423174a3d03b14184ffb81c6
final_audited_artifacts/phase1_source_extracts/epub_production_extraction.md,3142,865217ee942e34d2cf0c03bb6956a62a6295006c121fe25f40a48c5521b28840
final_audited_artifacts/planning_guides/codebase_development_contract.md,580,003a07119e6328f95563e51e0f76a866b3a8194678ed12d59e56959060d9d0c7
final_audited_artifacts/planning_guides/latex_artifact_contract.md,1336,78d481b0098b50b21c1c42f2743fce653f7e2ff05bcaefaef9c6fd5ccf775e09
final_audited_artifacts/planning_guides/proofread_checklist.md,1067,288ffa4ce971bc163d0381e6684f214a8e9d7f883405b438b2d49413138a2249
final_audited_artifacts/planning_guides/separate_session_workflow.md,1045,812b8b1406521d3c302496c633838233be32655a60928ecbd9558afc9c0cb271
final_audited_artifacts/planning_guides/source_anchor_map.md,1611,098c89a83595372a54384045a100216d68cf064da4421cca77c57624658d93c6
final_audited_artifacts/planning_guides/visual_theme_contract.md,1757,743157318ff440b0a6937d6e06094613e47cab8c2e76871883e8339bd6f64492
final_audited_artifacts/section_data/artifact_development_index.csv,31183,b79d5c6b3e2d98d1b1bd5dce9f77bd71a13aa96b6abe98aeb54c09b70e77a141
final_audited_artifacts/section_data/artifact_development_index.json,78618,2a11ed2a6612ba0ed0f373233fe610ac968c677936cea6634f12cd0255a52fc5
final_audited_artifacts/section_data/artifact_placeholder_audit.csv,31183,b79d5c6b3e2d98d1b1bd5dce9f77bd71a13aa96b6abe98aeb54c09b70e77a141
final_audited_artifacts/section_data/section_brief_index.csv,49779,0b1d5bec87c0731e7fb763ada2b4ae9548749dc9e86d2f4f6dc7009189423e73
final_audited_artifacts/section_data/section_brief_index.json,70928,3fffe78190ddc765c527f045730c2f994b90adb8621aad959e956912ca74d8c1
final_audited_artifacts/section_data/section_development_index.csv,49779,0b1d5bec87c0731e7fb763ada2b4ae9548749dc9e86d2f4f6dc7009189423e73
final_audited_artifacts/section_data/section_development_index.json,70928,3fffe78190ddc765c527f045730c2f994b90adb8621aad959e956912ca74d8c1
final_audited_artifacts/section_development_briefs/README.md,13809,79c16b1f149a1f5ef25ee123fda3813e812a7d9e615e0128481ae44acfbeb832
final_audited_artifacts/section_development_briefs/ch01/01-the-dense-ffn-bottleneck.md,14166,3874a009949e51212a05c794095e5d4c32f6d3043161157c4eede76ef5e3aed3
final_audited_artifacts/section_development_briefs/ch01/02-conditional-compute-as-the-central-idea.md,14470,cede82991917e3958e699d933185dab4d1fcbf0ed29605d66f5ac9ceb145ef20
final_audited_artifacts/section_development_briefs/ch01/03-a-tiny-routing-story.md,13851,1e3010e7ece9cfaf1ac9d8fa76bb01bf73dee3dac91ff1e7929057b19b16af1c
final_audited_artifacts/section_development_briefs/ch01/04-what-from-scratch-means-for-this-book.md,14477,fc9b9c38638d135828a03ac8cbd573125a32bc1386bfa27f2bee30fe9a27151d
final_audited_artifacts/section_development_briefs/ch01/05-the-minideepseekmoe-build-ladder.md,14383,8b3ea885f3928e0c9f27fc8f5fa28cc05c721f92dd890c096276bfceb0be2b7e
final_audited_artifacts/section_development_briefs/ch01/06-chapter-summary-and-handoff.md,14019,ca49ffcdc4cced4a04a12d8f1b1058f4c859cbe87f0ebd741da2231c478168cb
final_audited_artifacts/section_development_briefs/ch02/01-dataset-and-token-batches.md,13672,7d3ca7f4ca98ae0ae0ac41caafb10ac1cb7839d2c42f62d4c716c814c6f449a9
final_audited_artifacts/section_development_briefs/ch02/02-token-and-position-embeddings.md,13815,c4708a5319e06d06c70fb132a4865668b5d0741cce3527054ea004c89f1cd8be
final_audited_artifacts/section_development_briefs/ch02/03-causal-self-attention-as-the-context-path.md,14082,cb80f49f22c4b6f45308fe14dd4df1676ea9363ddc2dcc5440d358a6a471ddd4
final_audited_artifacts/section_development_briefs/ch02/04-dense-feed-forward-block-as-the-replacement-target.md,14296,07425052f3b73b5714ac4f28f9c35275dd6f0f48c05c2c500b063b87c3dfc94d
final_audited_artifacts/section_development_briefs/ch02/05-training-loop-and-sampling-baseline.md,14090,794bb1909fe0ec31d908346dcb85366c872233d94e1ddec6db190e09ff77d0fe
final_audited_artifacts/section_development_briefs/ch02/06-baseline-diagnostics-and-comparison-slots.md,14481,9ca32ecdeda546b5cac4c40f254c5998463588094bf009c07000b7138072bb71
final_audited_artifacts/section_development_briefs/ch03/01-expert-mlps-as-named-ffns.md,13889,cefacba29029a7d96e3bc6f826c426c61fcdb8aebe6258604ad3de8db8213abb
final_audited_artifacts/section_development_briefs/ch03/02-router-scores-and-tensor-shapes.md,14109,255287ac31e5a7195f150d6c23caccc8e892238d633036f659e871fc7e4457b8
final_audited_artifacts/section_development_briefs/ch03/03-top-k-selection-without-dispatch.md,14189,320d6de9fd6f5db42927571f6dbe12fa05b11488e988b5bd9522c064ddb22c4b
final_audited_artifacts/section_development_briefs/ch03/04-naive-token-by-token-dispatch.md,14039,de24e8cbbc6b9e9b17a3edc73da9a6d1fa481c91d39930961a0ffc056f453894
final_audited_artifacts/section_development_briefs/ch03/05-shape-and-gradient-checks.md,13996,0aec9d8332448c5d74de31303c77976630c012705ec6f2369bf16a1008144777
final_audited_artifacts/section_development_briefs/ch03/06-chapter-summary-and-handoff.md,13935,07c7f38be2a6cfb9c2137eecc6652fe91218505fdec80730fc2241010fc4bac4
final_audited_artifacts/section_development_briefs/ch04/01-why-top-1-routing-is-the-simplest-sparse-case.md,14273,fece5ee9c8a88a2bb74724c7b80f83c330eb058c3335cf1155f33164458629c9
final_audited_artifacts/section_development_briefs/ch04/02-assignment-masks-and-expert-buckets.md,13927,0ff12d6ecbd1b4338c97fde37291b74db71516dfee24d30e4fd6f570a6c77e5b
final_audited_artifacts/section_development_briefs/ch04/03-dispatching-tokens-to-selected-experts.md,14155,371bf2de6b2cc04609170e93dd5c14e7b79c7afd7f01889c5fa24ed8214457fd
final_audited_artifacts/section_development_briefs/ch04/04-capacity-and-dropped-tokens.md,14045,6e50e762e10348386c07befda11b0e388b3952d3eff1849507aee8ce6012b111
final_audited_artifacts/section_development_briefs/ch04/05-load-histograms-and-failure-modes.md,14168,920c3f1962a341bc79cc19bd9d77f781300a7acd9c055c7af340ad769080354f
final_audited_artifacts/section_development_briefs/ch04/06-chapter-summary-and-handoff.md,13817,4ca2618af51cc35140a0701c3af23a91bef546852f8442e9f8d7ffb9e82b447a
final_audited_artifacts/section_development_briefs/ch05/01-why-top-2-changes-the-routing-story.md,14216,dc7496030a481f4c2a2633257c2a38febe0e6e97b9ee8ac2718db8c0b099a89e
final_audited_artifacts/section_development_briefs/ch05/02-normalizing-selected-router-scores.md,14080,34d8b65ef8d27899e1f9f0cc94e6dc1e44f56efefea0e24c5f8b668abc732d4a
final_audited_artifacts/section_development_briefs/ch05/03-dispatch-for-two-expert-paths-per-token.md,14368,78a64f9960a2eaf57ad20ea3cecba532cd5f2b60f361d880335e42b75b71595b
final_audited_artifacts/section_development_briefs/ch05/04-comparing-top-1-and-top-2-diagnostics.md,14548,463ee6989e2505505ea8f595857364077404609fd3e031bafccd765eb71d812f
final_audited_artifacts/section_development_briefs/ch05/05-numerical-stability-in-top-k-gates.md,14235,06efac1607322d78b6632cef152c4f93b169cba6514def96a6ba926664e59322
final_audited_artifacts/section_development_briefs/ch05/06-chapter-summary-and-handoff.md,13950,07ab8617cee4c2b91a6717b5b335d607c208596e5f8d6ce3093f0d5cc66d7bc3
final_audited_artifacts/section_development_briefs/ch06/01-flattened-tokens-as-the-dispatch-unit.md,14289,52ea632642a4569ed060b8b43de49a71aa69b337cae6aa8a451d077882dd650c
final_audited_artifacts/section_development_briefs/ch06/02-expert-batch-construction.md,13898,d0e35a7764d6b4b4e836203c8a1e0b0e6b0901b085e850730e40c69583023f14
final_audited_artifacts/section_development_briefs/ch06/03-capacity-factors-and-overflow-policy.md,14340,03b299d8a96e9d234f80659946f2747dce7a1a0b21c56e44f5c92ba5d3b44245
final_audited_artifacts/section_development_briefs/ch06/04-unpacking-and-weighted-combine.md,14325,101a838dd6026267c6ffb0b3cc56bdbc8287d2cc089aac344eb07345cd26c1cc
final_audited_artifacts/section_development_briefs/ch06/05-equivalence-tests-against-the-naive-layer.md,14470,9eb5975fc0fa4aa46f1f7a4b00d3f30e21cb3acfc025345969572d8186d17cd2
final_audited_artifacts/section_development_briefs/ch06/06-chapter-summary-and-handoff.md,14036,bef4a3029ba26b18c0bb337cc10aa4db4fe899eb3f7ff85cd1fcf29cee106c15
final_audited_artifacts/section_development_briefs/ch07/01-expert-imbalance-as-a-training-problem.md,14480,d9a14d79ef65111df6533403e7e9b436f260435bb70057edf2f11f786d60d60e
final_audited_artifacts/section_development_briefs/ch07/02-auxiliary-load-balancing-loss.md,14187,c35b843863bbe9ddc900d33d08e08617c1d27c0578c3e46751fd94c2ccd13a55
final_audited_artifacts/section_development_briefs/ch07/03-integrating-auxiliary-loss-into-training.md,14519,128cd16335885385229c299e615b2846e5092c997433f3507d29e9b4c861b5e0
final_audited_artifacts/section_development_briefs/ch07/04-router-score-scale-and-z-loss.md,14226,21e75d1ab2d50ca636099130e51fda503294075aca8ded6078ae37f18101296a
final_audited_artifacts/section_development_briefs/ch07/05-routing-dashboards-and-training-logs.md,14609,1da22ec8e6345592a9585747de6cbe113c6c75a7480f76a6827907369a768891
final_audited_artifacts/section_development_briefs/ch07/06-chapter-summary-and-handoff.md,14226,6f19b0c114ea2430ee9e4e666af88eef1df2e9836479c6ae4130966c4fec1f9b
final_audited_artifacts/section_development_briefs/ch08/01-the-role-of-shared-experts.md,14250,e84ff0c1f8b5562871061fd3ed9249fc928e0d99787268fbfc4a3a6ad240dd2c
final_audited_artifacts/section_development_briefs/ch08/02-fine-grained-routed-expert-segmentation.md,14649,217edd65a37ec99afc9c149fd0b1549a1d8763bc2ab77905e9c62e4bba661e39
final_audited_artifacts/section_development_briefs/ch08/03-the-minideepseekmoe-layer-contract.md,14595,cd1e8933210e2a0a905b083dad166fbfc2202e90bdf114a784b658758c549a05
final_audited_artifacts/section_development_briefs/ch08/04-combining-shared-and-routed-outputs.md,14488,70dd4c001a541d27d93f17427f928aa7a2b410e2654592b68c329198d6694d98
final_audited_artifacts/section_development_briefs/ch08/05-specialization-diagnostics.md,14449,38bfc4cf93412579c5dede8a01df91e44c32d809771ccce65d0b11349fef6d92
final_audited_artifacts/section_development_briefs/ch08/06-chapter-summary-and-handoff.md,14241,4ab4f62c39239f2c04d0dba42268708bb0e4eec089e27d66090d1a8b23707506
final_audited_artifacts/section_development_briefs/ch09/01-the-limitation-of-auxiliary-balancing.md,14629,acec007fc598567a0661ada18618efd087192a4cd375408a9d6f096541e19354
final_audited_artifacts/section_development_briefs/ch09/02-router-bias-as-non-trainable-state.md,14700,675070e0dddd0ef686d7d209b8c90a7927cb2c107c77180571818fa69e728528
final_audited_artifacts/section_development_briefs/ch09/03-biased-selection-and-unbiased-combine.md,14827,13057f4ce50b2eab8735aba107332d57fd38ac6dc559645893965d6033859749
final_audited_artifacts/section_development_briefs/ch09/04-dynamic-bias-update-from-expert-load.md,14767,ec26502e8240ed4f7b6b7e96fd536a3409be9a591e1ee7d7684341c5925af401
final_audited_artifacts/section_development_briefs/ch09/05-comparing-balancing-methods.md,14492,64a3143a08320062452ef378654978bf9130164ec8918384bf405fcb30e3d409
final_audited_artifacts/section_development_briefs/ch09/06-chapter-summary-and-handoff.md,14373,4c80bec34d4ad3150345e1e8d4f6bbcf06d5a3282c702b29a16f6a1d37ede8f2
final_audited_artifacts/section_development_briefs/ch10/01-configuration-objects-and-model-variants.md,14708,0c41b6c5582b33cde3d84ef3bd444e50f19beebb341095fd3f5143314264af6c
final_audited_artifacts/section_development_briefs/ch10/02-decoder-block-with-dense-prefix-and-moe-layers.md,14865,4b79a308b42989c02e3ec9859d1a323cd2710dcdfdc23473aefd7998ecb3e1d1
final_audited_artifacts/section_development_briefs/ch10/03-forward-pass-outputs-and-loss-dictionary.md,14749,8a412820306919f98cc9f2460eaa2c3bedf7d58d448752de863dee571c684a42
final_audited_artifacts/section_development_briefs/ch10/04-training-and-sampling-scripts.md,14435,da87d77989ea4be66bfb1f4a4fc4e1ffdbb02323eb12376151ae887319c825f5
final_audited_artifacts/section_development_briefs/ch10/05-full-model-smoke-tests.md,14125,cbc912a63ea27b540d5368c1a15b7f7f8d28797a4575deba75992de70c8390cb
final_audited_artifacts/section_development_briefs/ch10/06-chapter-summary-and-handoff.md,14324,477a8c6bfe23819feb82adaa8b52aa9b174a25e846dfcf91865231a793d68205
final_audited_artifacts/section_development_briefs/ch11/01-experiment-design-for-a-from-scratch-book.md,15030,b9cc8e2379e6d632e2de3ff15176e0a53a45f3aa76e382f4a1ad8a6924c6c13a
final_audited_artifacts/section_development_briefs/ch11/02-dataset-preparation-and-reproducibility.md,14641,3612e73757ff66a0021e411d58847da123893488eaf5f5326fbdac2365a45909
final_audited_artifacts/section_development_briefs/ch11/03-loss-curves-and-routing-dashboards.md,14856,b9a6e7216a79a72c6bc392a0a186914926a86a551c893dd76a0995d8b79931a0
final_audited_artifacts/section_development_briefs/ch11/04-ablation-matrix-dense-top-1-top-2-shared-and-bias-balanced.md,15641,77c339adb238d5295db062cba7c145335e979560ac9b3814ce43415e07c10816
final_audited_artifacts/section_development_briefs/ch11/05-interpreting-expert-behavior-carefully.md,14740,e9b87a0e10f1c2c49b8de7881028ac6a6af97e46625f8732672b0a0fee74b07a
final_audited_artifacts/section_development_briefs/ch11/06-chapter-summary-and-handoff.md,14483,9909b3b86985f6f044de51ba9cf9208d9b97ea4091b3aed41120990c50af9144
final_audited_artifacts/section_development_briefs/ch12/01-autoregressive-inference-with-sparse-ffns.md,14885,9e22cf365562a1c1c85ba109bd9d35cd4faec21a04b82c03df93b9d38aa43865
final_audited_artifacts/section_development_briefs/ch12/02-batching-routed-tokens-at-inference.md,14700,7e6b960fa21e932d50f56f4598880fb99ea76c8b59873617fdd3d993d6361e30
final_audited_artifacts/section_development_briefs/ch12/03-compute-memory-and-active-parameter-accounting.md,15210,60cb4dd80f5ae4d85561649a06c54c499f62e05f93fbac6ba71adafceb6094b6
final_audited_artifacts/section_development_briefs/ch12/04-expert-parallelism-and-all-to-all-communication.md,15275,457aface5898119210a866b535cffc9cd98041cb5cb697607535e40e83b5c4ec
final_audited_artifacts/section_development_briefs/ch12/05-mapping-the-book-model-to-production-moe-families.md,15249,55a112a1f1eff8c5d41a710ce3e7fe947eb48986ac983fdb874938ab48852e09
final_audited_artifacts/section_development_briefs/ch12/06-book-summary-and-next-steps.md,14615,fae771f9ced6679d5ceecfc1d1624e7f0e7da55a36791a8e2d3d98136a38485f
final_audited_artifacts/section_plans/ch01/01-the-dense-ffn-bottleneck.md,3179,7ea659e1285669147a89968ae60cc7b566c3a01aa6f9df8ddf4fad758904a895
final_audited_artifacts/section_plans/ch01/02-conditional-compute-as-the-central-idea.md,3315,7462e6b07a0957f10ededa67743aa2f1d1f781dc597b8cb55ac3bc8977a3cb45
final_audited_artifacts/section_plans/ch01/03-a-tiny-routing-story.md,3000,3e12bf12c028a81f20edd7fb6dbde4ecaf57dc49e8be52e276619b6746b0d0f4
final_audited_artifacts/section_plans/ch01/04-what-from-scratch-means-for-this-book.md,3302,050069da554bed212451ad9b93f18221b3caa6a7a05ee6531307f9730b989c44
final_audited_artifacts/section_plans/ch01/05-the-minideepseekmoe-build-ladder.md,3274,de36a03156f64ec3ddb62501307835f70c5f09115b2de1a3e75de2f4ffa58876
final_audited_artifacts/section_plans/ch01/06-chapter-summary-and-handoff.md,3083,dbce7ec1ed3c8d69e243232d9ae06418a095d97f4a7bb2d571f96abba9f722e5
final_audited_artifacts/section_plans/ch02/01-dataset-and-token-batches.md,2967,064edf3af79f1476d58dfc400d122729939d49498b6fc29d88bb7bd01f143e3c
final_audited_artifacts/section_plans/ch02/02-token-and-position-embeddings.md,3012,a7945d4af7b961394616bb632cfc8bf0e7d11d66f2de7b02dbd7f9d1bbdd06ab
final_audited_artifacts/section_plans/ch02/03-causal-self-attention-as-the-context-path.md,3132,6a5f4b1da8b6f222cde66e04d64e594faae6b4a5eb188b26ff21cd997d32d47f
final_audited_artifacts/section_plans/ch02/04-dense-feed-forward-block-as-the-replacement-target.md,3213,687806b112d7c80b766f367231565f73c421b0abddfa9c1f91f49bc1856c8242
final_audited_artifacts/section_plans/ch02/05-training-loop-and-sampling-baseline.md,3147,8fe097591f34f285b45a94ecd563e1e6f68c5c15b46324ea5a8e13920613307e
final_audited_artifacts/section_plans/ch02/06-baseline-diagnostics-and-comparison-slots.md,3226,08de106fd304fb8c6eca0fbbd5287779a9875c119661a9e99687b8c386e9c070
final_audited_artifacts/section_plans/ch03/01-expert-mlps-as-named-ffns.md,2989,0e34242fd335aeb33588b58c953338b111aa250aceeb11740cc2e03f18d36d7c
final_audited_artifacts/section_plans/ch03/02-router-scores-and-tensor-shapes.md,3120,62940aba079bad8983b63b16edceca28da6c91a268a4ce9f0e0568311936e041
final_audited_artifacts/section_plans/ch03/03-top-k-selection-without-dispatch.md,3079,820c1e4e880f858425d24dcd807b3e34779d2d9518e5d8e5f0beae4420365761
final_audited_artifacts/section_plans/ch03/04-naive-token-by-token-dispatch.md,3086,9f20cfeea0ea92b36cc41e1ccafae0630860caa61c2044cdd5aba66001a9c649
final_audited_artifacts/section_plans/ch03/05-shape-and-gradient-checks.md,3095,74cee9d920d0687c52ccd413d1c32a9a5b4e29c61a4acd98b1c0916be5d5bdb3
final_audited_artifacts/section_plans/ch03/06-chapter-summary-and-handoff.md,3019,454690fcafbe517040a8b8f2a0caf847df4c383037f171346e3c0f563a4d2918
final_audited_artifacts/section_plans/ch04/01-why-top-1-routing-is-the-simplest-sparse-case.md,3191,f997a04cad800cc5ef0258e3a9c8c182d037b614c3a78d173d0653a2eba6e61d
final_audited_artifacts/section_plans/ch04/02-assignment-masks-and-expert-buckets.md,3049,f136209af89881cc3904f04a8236ddc132713b2c1059d5e4d7ae674e139bc123
final_audited_artifacts/section_plans/ch04/03-dispatching-tokens-to-selected-experts.md,3143,183ab91ba9d93e9c425705217cd279cf51b845c2b44274e0f30ec1a5547bddda
final_audited_artifacts/section_plans/ch04/04-capacity-and-dropped-tokens.md,3066,8d59447e0d14b965fcca5ecb30ce3b231da01742cc04490107f84155888d163f
final_audited_artifacts/section_plans/ch04/05-load-histograms-and-failure-modes.md,3141,b5424485ac148104510d387f6a89ba6cfd752ffd4eb7c2c3b7ae706f2490b0f8
final_audited_artifacts/section_plans/ch04/06-chapter-summary-and-handoff.md,3037,125035d02b56a4808144e10db20413db7db018754667886d1ff990bc2015b213
final_audited_artifacts/section_plans/ch05/01-why-top-2-changes-the-routing-story.md,3079,f44cdba2c88f1aaad19c321f9368972d0c8f91f511b29071e030fadd9b11be51
final_audited_artifacts/section_plans/ch05/02-normalizing-selected-router-scores.md,3051,41e526d57620c14198509b725fba7c1868dde87b13e3f4926cc727022470ce49
final_audited_artifacts/section_plans/ch05/03-dispatch-for-two-expert-paths-per-token.md,3207,ae0c8187cc7657cc3587ab5102cd2a8bb0a4d06ced83279a1f84ae581e701027
final_audited_artifacts/section_plans/ch05/04-comparing-top-1-and-top-2-diagnostics.md,3162,7ed2b647449969ddbdaaeda0d2d635914cc127c11f8d2ce64750e1f5a88cf6b3
final_audited_artifacts/section_plans/ch05/05-numerical-stability-in-top-k-gates.md,3136,fec33ff44ad9a2ab0ada4eb5cd699197534d3e7b06ab31c81142beb998816cde
final_audited_artifacts/section_plans/ch05/06-chapter-summary-and-handoff.md,3052,87ea4d48364946a34eef51174e56e21a79a5c20ff9901c5979c1a2c473538825
final_audited_artifacts/section_plans/ch06/01-flattened-tokens-as-the-dispatch-unit.md,3118,87039ec2c42135baf536d55fe3a6806191163a39189fb2926c52a6b815066689
final_audited_artifacts/section_plans/ch06/02-expert-batch-construction.md,2936,11a2ba480c956385363c416eefb51be69774b565b52e5bb19e2299f4bf155f08
final_audited_artifacts/section_plans/ch06/03-capacity-factors-and-overflow-policy.md,3085,f43ddee71fff128fa67b74a9084ea385c8af52a0676f6e1e1408530324256d83
final_audited_artifacts/section_plans/ch06/04-unpacking-and-weighted-combine.md,3153,352ea29f3504286b9a354b0ba1e42f9bf3d30a2111a228076786215d8623263d
final_audited_artifacts/section_plans/ch06/05-equivalence-tests-against-the-naive-layer.md,3216,844c55f3828cb52f6dbbcafa182fa68edbe8ab469617e4b876e0e4937ae7e4cd
final_audited_artifacts/section_plans/ch06/06-chapter-summary-and-handoff.md,3015,f87d9c0fb60b800d9432490f68045568fbce5fe1f18f39bf463975ec2c7de56e
final_audited_artifacts/section_plans/ch07/01-expert-imbalance-as-a-training-problem.md,3164,f4a5b38c2416c3368679c4210faea9e201473ac0ef7c67b5fbda0ef65b80e111
final_audited_artifacts/section_plans/ch07/02-auxiliary-load-balancing-loss.md,3052,d07ffee88ddfd5f083049ac7f2b5c06c9e475cacf56ff4f729e32d01dd14b034
final_audited_artifacts/section_plans/ch07/03-integrating-auxiliary-loss-into-training.md,3210,1b0627a855f39f48fde456253823f72cf91accbfe65fbae6c5611a5878e4ed4e
final_audited_artifacts/section_plans/ch07/04-router-score-scale-and-z-loss.md,3080,fc90a11ac267cecb7f117e7c9c1dc796b9e09597bdf75ec6a77867237650611f
final_audited_artifacts/section_plans/ch07/05-routing-dashboards-and-training-logs.md,3172,d8034bd28cbba20793ab638afb937f8587ba84c4a573e3a78259761c94ee838c
final_audited_artifacts/section_plans/ch07/06-chapter-summary-and-handoff.md,3090,17fd7f4b5016a1eb7a523feabf16ea4e3b385c609eadae375d39e61d8dbcfc2f
final_audited_artifacts/section_plans/ch08/01-the-role-of-shared-experts.md,3043,272374726f848cf396ca8811330d3ecafa8f171be55f32e6d124743ef8c0c465
final_audited_artifacts/section_plans/ch08/02-fine-grained-routed-expert-segmentation.md,3218,6190f99e16832c5d5323a66b3f7f4490034d15ef5fd4e3529044973fba712d4e
final_audited_artifacts/section_plans/ch08/03-the-minideepseekmoe-layer-contract.md,3193,cefebdb2de4594f1aed5f980a4ea500e2615d74ca46037b378760068c4f3a9a4
final_audited_artifacts/section_plans/ch08/04-combining-shared-and-routed-outputs.md,3187,9196e6dabc369384ff5c9ae2a19a769d11cd32b20577c8b02ac0431af4a502f7
final_audited_artifacts/section_plans/ch08/05-specialization-diagnostics.md,3076,f495423bf0b23d1443e34cbd08b961657af3b08a4f544d79e0bd0ed0f0e44e70
final_audited_artifacts/section_plans/ch08/06-chapter-summary-and-handoff.md,3059,3fbe1b74a23d07eb91f9d55f117e1cebfc2060fe7e7ff63e45c928515525f80a
final_audited_artifacts/section_plans/ch09/01-the-limitation-of-auxiliary-balancing.md,3182,dcae371ed3a6d5d7a4a788aa74c4c6421948580ed2c22679536f0b18e06b4fb4
final_audited_artifacts/section_plans/ch09/02-router-bias-as-non-trainable-state.md,3182,849af61ca928434c65fb1f8de3f48a42c9221805738df73964f7d44eaa091cd5
final_audited_artifacts/section_plans/ch09/03-biased-selection-and-unbiased-combine.md,3234,143878c952a9f9b1e1647849ff2541554bf6763e867fbf86df29125d05e64d7c
final_audited_artifacts/section_plans/ch09/04-dynamic-bias-update-from-expert-load.md,3195,75f98d99fb9af54e5e535d186eba9a0eaa35edfed5fdeb2c937de4715693b1e4
final_audited_artifacts/section_plans/ch09/05-comparing-balancing-methods.md,3136,5930ebb2eb6515b8a30a845b53247903e85fc89027a29b45d23b20748e5b304f
final_audited_artifacts/section_plans/ch09/06-chapter-summary-and-handoff.md,3061,010d0b82ae0450538c0f93cce4b132061cf80a5e3fd4de231e2844bd66757cfc
final_audited_artifacts/section_plans/ch10/01-configuration-objects-and-model-variants.md,3209,50109d8f49002781601cd5714953a7a1a6c624a8ec97d3fe984408ee46e26278
final_audited_artifacts/section_plans/ch10/02-decoder-block-with-dense-prefix-and-moe-layers.md,3267,c61f81f691c8ce32daff9a6b431ed52bcf61b4a6be8ee889cb39b9c6009c8970
final_audited_artifacts/section_plans/ch10/03-forward-pass-outputs-and-loss-dictionary.md,3214,7fcbb59e38c16c143981879d9262d3b57ff905f220a4104d2b1e043571ba594f
final_audited_artifacts/section_plans/ch10/04-training-and-sampling-scripts.md,3104,b38be3d8b0fff1fb1825f4b2f6457a091d7dc0c4db65320f9d9d12aee8da0b02
final_audited_artifacts/section_plans/ch10/05-full-model-smoke-tests.md,2966,453a9b7271ef4fccf092cc63240f1e349229747f0cd8073ad054aa615b9e1948
final_audited_artifacts/section_plans/ch10/06-chapter-summary-and-handoff.md,3046,65ed1e7789e6373d9f6b072cee19df546bf0c755cf19dfcd932bc3cb61cabe3c
final_audited_artifacts/section_plans/ch11/01-experiment-design-for-a-from-scratch-book.md,3242,7aeed4aff156f9d781efb7b3b456ac46b4eaf796b98952f7d442b216f7654227
final_audited_artifacts/section_plans/ch11/02-dataset-preparation-and-reproducibility.md,3146,46d86735eef52f4838eda9f1201ba39fcf5858133a5b49183ad91f3f30dfbbb0
final_audited_artifacts/section_plans/ch11/03-loss-curves-and-routing-dashboards.md,3150,f35b570f525d2495e94b6d9d5ac07f32c2a1f31a28b68ba47e6cba01d63d2efd
final_audited_artifacts/section_plans/ch11/04-ablation-matrix-dense-top-1-top-2-shared-and-bias-balanced.md,3482,48e46efd8d73296a25c9ca32ac38e457b8ab1a1f000a3e7e9f3ea3dfb99d4a52
final_audited_artifacts/section_plans/ch11/05-interpreting-expert-behavior-carefully.md,3204,626b0a31d0d925b3bbddeead30855fba328a23e8307921c83c21fada8ccd8685
final_audited_artifacts/section_plans/ch11/06-chapter-summary-and-handoff.md,3140,c6f1133fd249cf16b77e511b2008af291cee81f33eb000f05be05bf40b4ab5f0
final_audited_artifacts/section_plans/ch12/01-autoregressive-inference-with-sparse-ffns.md,3226,91bd087ddcd23c8d58f703cbf58de727e3522cff799e4c7d4178966028e263c0
final_audited_artifacts/section_plans/ch12/02-batching-routed-tokens-at-inference.md,3149,4548d5e022d56b71151b44af42cc11f03eb3c11ab50f184caa8037f3fca235ea
final_audited_artifacts/section_plans/ch12/03-compute-memory-and-active-parameter-accounting.md,3373,70fd7cbd7c678bec5c246c3bc0c654d91e9847b2eafb1cf1765e5e828c3848ae
final_audited_artifacts/section_plans/ch12/04-expert-parallelism-and-all-to-all-communication.md,3408,0ab151ba3cbfd4bc420d1b6c10ca2ffacd789e917c5ed959a4e6ca324e18759a
final_audited_artifacts/section_plans/ch12/05-mapping-the-book-model-to-production-moe-families.md,3401,798d4d3fdf42700b531eac1c11cf2837fdea386e262fd392632610c1e48b1c24
final_audited_artifacts/section_plans/ch12/06-book-summary-and-next-steps.md,3172,7c9d2f78681d982a33536bf986028bfbfd31966b33f5852ff60476acd0e6bb49
final_audited_artifacts/session_starters/ch01/01-the-dense-ffn-bottleneck.md,984,5a6ec6c1a6a3aaea8fb282563d38b5230b81a03a24482315cd068c4a5df17447
final_audited_artifacts/session_starters/ch01/02-conditional-compute-as-the-central-idea.md,1104,e44514f91c075e59adf48e2b3efbbc94a3c566f0f2741a608a09f25c2e60d557
final_audited_artifacts/session_starters/ch01/03-a-tiny-routing-story.md,952,82d5bcb0e2d22d09f91a55251d69f78aab42341c38a234a01c75e43d5d8ff5c5
final_audited_artifacts/session_starters/ch01/04-what-from-scratch-means-for-this-book.md,1088,ea09e6042deec7942c3301325e9eca6052ffa55678282abd0d0ae10980f9f7e1
final_audited_artifacts/session_starters/ch01/05-the-minideepseekmoe-build-ladder.md,1048,31c6a067495958439224a56c50ecea37ab00842ae59d721ea966ff4841b85602
final_audited_artifacts/session_starters/ch01/06-chapter-summary-and-handoff.md,1008,a9a09688efc1c2e6cd7b4225104601caf2b3882e42e0eff9e23b9db6613a4674
final_audited_artifacts/session_starters/ch02/01-dataset-and-token-batches.md,992,001d4633445aba01ba620913068c6bd1ed7e963e281e437095e977e527a31e71
final_audited_artifacts/session_starters/ch02/02-token-and-position-embeddings.md,1024,b1697341606e0bb7aab97e78aed35e0d345de73c59d1bcf530f9f89f95e5d2f9
final_audited_artifacts/session_starters/ch02/03-causal-self-attention-as-the-context-path.md,1120,6c50213124e24380908e9410dd47c4cf59cf3ab0c61c77ad96ff3c8b6b778b28
final_audited_artifacts/session_starters/ch02/04-dense-feed-forward-block-as-the-replacement-target.md,1192,5650693b6ecacb972d4ba397231209264c20bc4436aab7320b4e798c6937bcdc
final_audited_artifacts/session_starters/ch02/05-training-loop-and-sampling-baseline.md,1072,4476e9855cea85d2e2ef22bdca98e825d79ac5d06aeee24b1ed15377b7433bff
final_audited_artifacts/session_starters/ch02/06-baseline-diagnostics-and-comparison-slots.md,1120,16363b578e37fa246049a67c0ea4e5e68559c66cc831d0da74b2bd6cf15715f7
final_audited_artifacts/session_starters/ch03/01-expert-mlps-as-named-ffns.md,992,3bab728843f9b8e02069bb94efc08b784846ede5eaa86bc174f533905888edc8
final_audited_artifacts/session_starters/ch03/02-router-scores-and-tensor-shapes.md,1040,113760ece3e3bf2622998c45f9985414fa6ef8c63db4b892fd36aa69a92daf34
final_audited_artifacts/session_starters/ch03/03-top-k-selection-without-dispatch.md,1048,ffe2507b401db36eb7da5f19e5ee40ff31e2b5acf4059f2afb8079d7fd55f5c9
final_audited_artifacts/session_starters/ch03/04-naive-token-by-token-dispatch.md,1024,b84d0599b978b60a283ccb92214d176d46417bdf34206c4d985e51412188215d
final_audited_artifacts/session_starters/ch03/05-shape-and-gradient-checks.md,992,158d5119ba9c46c03ea5d85981c6dbc229f6ccbaef6c0bf34bf541d9a1487f99
final_audited_artifacts/session_starters/ch03/06-chapter-summary-and-handoff.md,1008,d9aea8dee82717ed48a8564dc7cbfe66add38d7d1e41f0e204844b48f743fcc2
final_audited_artifacts/session_starters/ch04/01-why-top-1-routing-is-the-simplest-sparse-case.md,1152,7048e36fd0f95d2692476919c18c2d51283690758a496ae5a171fded776f48c4
final_audited_artifacts/session_starters/ch04/02-assignment-masks-and-expert-buckets.md,1072,8dcca24397f1de7f571369906ec1be6e9e1b4893a6c37fb35cfa0b381f2f6281
final_audited_artifacts/session_starters/ch04/03-dispatching-tokens-to-selected-experts.md,1096,df0322adce1cf104917c6989210a548243deefe2b82eda4913ec1405883f8632
final_audited_artifacts/session_starters/ch04/04-capacity-and-dropped-tokens.md,1008,bf003d57c9a127b2128c4df8661a88d7cf10cafb3c76460423f8492ce13c03f3
final_audited_artifacts/session_starters/ch04/05-load-histograms-and-failure-modes.md,1056,e50fc49606ed260b1a4674febf9b4d2aee3ac125eec96a04f2cd1b5bef0a9d8a
final_audited_artifacts/session_starters/ch04/06-chapter-summary-and-handoff.md,1008,68599f546ab1d3a9aba0e68a3dadd9f8ed83e7c307ff0007cb4053d0f9677582
final_audited_artifacts/session_starters/ch05/01-why-top-2-changes-the-routing-story.md,1072,5257202c183fbb5f0a8a11d66365d63920c9759c6eaa68eb89b37fc82c6c6c34
final_audited_artifacts/session_starters/ch05/02-normalizing-selected-router-scores.md,1064,595a2759d0ed0cb84e48ddf432da11c9b52c9467e88f743ab300eb276f1eb595
final_audited_artifacts/session_starters/ch05/03-dispatch-for-two-expert-paths-per-token.md,1104,ea7165a6eb5010d183f3f14adcfe19963201f24d8e3cb78c93f69a1733734af7
final_audited_artifacts/session_starters/ch05/04-comparing-top-1-and-top-2-diagnostics.md,1088,84b757bcd93133927c355c192d1a76bf7a176119b923c8042f44cc6c72033361
final_audited_artifacts/session_starters/ch05/05-numerical-stability-in-top-k-gates.md,1064,6a15df12b3575df38b907772f797b1df0576d666f818be2b4881fdf9fdd62f3b
final_audited_artifacts/session_starters/ch05/06-chapter-summary-and-handoff.md,1008,30b94f7f4a1a39f4dcd579a7546cb057375a984868327873cf5605b29e3343ad
final_audited_artifacts/session_starters/ch06/01-flattened-tokens-as-the-dispatch-unit.md,1088,65ec0cdeb2696c8416d793a68fb151509bc991f12b18e93cbee55a813acd7448
final_audited_artifacts/session_starters/ch06/02-expert-batch-construction.md,992,bacd4f6aebc5f9d6bb4c86ac4632cd3c2d4ff40052e7374d03e55e455add1a7b
final_audited_artifacts/session_starters/ch06/03-capacity-factors-and-overflow-policy.md,1080,a017e776c1e73a08af171f57d1cb36ca93b503e688d9270ea5eb369ef1767536
final_audited_artifacts/session_starters/ch06/04-unpacking-and-weighted-combine.md,1032,68e993db1157adb755d97e10956cee505aff569001ed839b44089a10838d6ee6
final_audited_artifacts/session_starters/ch06/05-equivalence-tests-against-the-naive-layer.md,1120,d01e70d87210684c73f9a1d0f627cd54f1e8a48eead261971743b69fc8e099d7
final_audited_artifacts/session_starters/ch06/06-chapter-summary-and-handoff.md,1008,1bc985ba8bfd859474ebd2e78144fac93fb09fab086ea7d798a4627421bff703
final_audited_artifacts/session_starters/ch07/01-expert-imbalance-as-a-training-problem.md,1096,c6b508b4c9fb7ad6563916ac92521c0c44724f08e1185c509bbd02bf2e68f2bb
final_audited_artifacts/session_starters/ch07/02-auxiliary-load-balancing-loss.md,1024,aa319c454960a2ee4c61085f7714eaca1752501d529c2c59c0d0cb125de7b056
final_audited_artifacts/session_starters/ch07/03-integrating-auxiliary-loss-into-training.md,1112,3d752645b2a4e0833b633b5c0f0a025a3be7c93b3ca14e752f3fa0eb0ecee7ee
final_audited_artifacts/session_starters/ch07/04-router-score-scale-and-z-loss.md,1024,f791de61beb35e1d682dc6b818b476a6e24e3b076e291bbf1b4ce99286f04c06
final_audited_artifacts/session_starters/ch07/05-routing-dashboards-and-training-logs.md,1080,2194b6a822a47d67a02d0db7fa9905f4ec6d82b86b552fed4f79c977ed75b3a5
final_audited_artifacts/session_starters/ch07/06-chapter-summary-and-handoff.md,1008,dbacc8bb5ba7421232161906b90556220441446f166ca9b510cc8493080dbe04
final_audited_artifacts/session_starters/ch08/01-the-role-of-shared-experts.md,1000,2af31269a56f271b30a59fb06c657cbd621de7f6be90f77a74aa6110102ab6cd
final_audited_artifacts/session_starters/ch08/02-fine-grained-routed-expert-segmentation.md,1104,1c2eec1d4399fcb01517ee8bb4b037899a235337cb5fdb8610872e9fb46ba6a2
final_audited_artifacts/session_starters/ch08/03-the-minideepseekmoe-layer-contract.md,1064,624fc905d4d83d4191e778d20ff76542b0d80fd1bae89aa8455007af1d386b73
final_audited_artifacts/session_starters/ch08/04-combining-shared-and-routed-outputs.md,1072,3712af0c8399c45c7c91903c509b18a9ef62bcf1bdf19af49f343884b681ba6c
final_audited_artifacts/session_starters/ch08/05-specialization-diagnostics.md,1000,a853b93aad5859c14a80e134c5f5322e2f227a9c980c681e6393bb21241da5b4
final_audited_artifacts/session_starters/ch08/06-chapter-summary-and-handoff.md,1008,225a8c9ae6f4938536978e73c1e7a24d1256a69249c23f4480cc48e61b10e030
final_audited_artifacts/session_starters/ch09/01-the-limitation-of-auxiliary-balancing.md,1088,3a73ca85a39585d1aadbe4a46c9aaffec269ba6d7a8d1bdf55ef7775f0e3987d
final_audited_artifacts/session_starters/ch09/02-router-bias-as-non-trainable-state.md,1064,55a7bb849a14e7157dff519cd0a4deff89ac353db4f426640ad89c0a0c90429a
final_audited_artifacts/session_starters/ch09/03-biased-selection-and-unbiased-combine.md,1088,dd486525cdaa860c9caa921deedb8bc5e0c1046a5f01c8bb92f9ef2217077195
final_audited_artifacts/session_starters/ch09/04-dynamic-bias-update-from-expert-load.md,1080,b70a6539e1fa8c52d4a662f068aebcbdcaaf18c63e2bc02d3a21c24b4c5986b7
final_audited_artifacts/session_starters/ch09/05-comparing-balancing-methods.md,1008,03213c0aa61fe3872439ba6b341b7c3b867fbf9b9f461908a639b8cbe86cef9e
final_audited_artifacts/session_starters/ch09/06-chapter-summary-and-handoff.md,1008,87b21dce2b80532a77f4431b7b34b198c20db268ad87e0ce258d87f5393feb67
final_audited_artifacts/session_starters/ch10/01-configuration-objects-and-model-variants.md,1114,c716ed930b00cb080d50c88833fe4c94cc8b21fd7197b13ee17870e55c6faa10
final_audited_artifacts/session_starters/ch10/02-decoder-block-with-dense-prefix-and-moe-layers.md,1162,113c2679cfd795c314ee63e0d5f7126471ccfee8abdfb46c67dac6836267d973
final_audited_artifacts/session_starters/ch10/03-forward-pass-outputs-and-loss-dictionary.md,1114,fb74e0d37fa8768b256db66e2ec6906373172d2043b267a29e26c00dcf1d313f
final_audited_artifacts/session_starters/ch10/04-training-and-sampling-scripts.md,1026,b7a1f21bbb428f9236fa245527fde2b2025d32b074c6f7607444cf5b2121ea73
final_audited_artifacts/session_starters/ch10/05-full-model-smoke-tests.md,970,1d157e43feb52f3f8db0758db7e093c5aab73887f230834ae428342e33fa97f0
final_audited_artifacts/session_starters/ch10/06-chapter-summary-and-handoff.md,1010,d87489652e27f80ba712ce4b4b1e6da3850c3b2e9cf478852f3d306a32294a7e
final_audited_artifacts/session_starters/ch11/01-experiment-design-for-a-from-scratch-book.md,1122,aab58d165c9bf8f832a3e75cc3a88478445f8c3c2dd6db903e215168eda74237
final_audited_artifacts/session_starters/ch11/02-dataset-preparation-and-reproducibility.md,1106,2424cc8473a5b90ba507ddc39f396cd9356776dfd74fbf8726830a322261c887
final_audited_artifacts/session_starters/ch11/03-loss-curves-and-routing-dashboards.md,1066,101256d1565eb7f9e5476d8b116cfd92a9dd8fab823f8e1c068aca9b22ee85e6
final_audited_artifacts/session_starters/ch11/04-ablation-matrix-dense-top-1-top-2-shared-and-bias-balanced.md,1268,47cb57b16fd28b0adc2fa134d8af8fc49882b65211c9e236a70b25975285717b
final_audited_artifacts/session_starters/ch11/05-interpreting-expert-behavior-carefully.md,1098,ff2863aea831b242686e6cc523e6ee06bbee3f4254d2062ab8489d3da3dea19d
final_audited_artifacts/session_starters/ch11/06-chapter-summary-and-handoff.md,1010,409f1dff1d29852c920b5114bb738ac53e8ca25f20adc6cfd54260637a614913
final_audited_artifacts/session_starters/ch12/01-autoregressive-inference-with-sparse-ffns.md,1122,e390b6dd993cd23c5886c06223ffe68f56e4b603e94e9665ea79b40f896fe389
final_audited_artifacts/session_starters/ch12/02-batching-routed-tokens-at-inference.md,1074,33f19a769805bc77977de20fa3278606cb1daceb4bfaaca7957829d0c2adeb95
final_audited_artifacts/session_starters/ch12/03-compute-memory-and-active-parameter-accounting.md,1166,744160eee56defda3ac8fd64a447e4a2fb100388b42cb7b001bfc6dcd1f3bfcb
final_audited_artifacts/session_starters/ch12/04-expert-parallelism-and-all-to-all-communication.md,1170,fb9eeb3ba688dfa7ed28b22821a0d75d72f430e96f83fc81ab16f7d4083c426c
final_audited_artifacts/session_starters/ch12/05-mapping-the-book-model-to-production-moe-families.md,1186,492292355d79d87cc2424946a486774adde3899299ca2f1e2bf1cf5aff1d9986
final_audited_artifacts/session_starters/ch12/06-book-summary-and-next-steps.md,1010,5c035e1b984c8d6e2b853fab047b8db2e2904d45d3deedc498cb86709606d20b
final_audited_artifacts/skill_framework/individual_skill_dirs/README.md,365,42c2e7ef4af859c36afcb99dad3853185e171407e4df78be12279563c83215a2
final_audited_artifacts/skill_framework/individual_skill_dirs/chapters/ch01/SKILL.md,7707,128965b18047e74d19d09d6a1a78428bb4f429ccdf38ab8fd239e7fef3561efc
final_audited_artifacts/skill_framework/individual_skill_dirs/chapters/ch02/SKILL.md,7496,ec46c19dc5d2fcdff83d652e2219ee8d8e5b9627f343ffb4945c615b071702f8
final_audited_artifacts/skill_framework/individual_skill_dirs/chapters/ch03/SKILL.md,7459,7285af0a746a65fb8cf1252c3a90450371ec887b269119db41108c89fd5d8035
final_audited_artifacts/skill_framework/individual_skill_dirs/chapters/ch04/SKILL.md,7418,69fd7caf5783f9b732ca21afb0e35dfe3631b4e11a7462a9ae9d8d7167c3429c
final_audited_artifacts/skill_framework/individual_skill_dirs/chapters/ch05/SKILL.md,7379,54e7fd4a041545e65d660005b9b30a7a4e7a1b6062a18ed54414a55ba17fde12
final_audited_artifacts/skill_framework/individual_skill_dirs/chapters/ch06/SKILL.md,7486,ebd7323e70b1578fc5526de6b8d05839184ef74942fba96a28b6a691e41b1aad
final_audited_artifacts/skill_framework/individual_skill_dirs/chapters/ch07/SKILL.md,7552,3d7314fa22baf001be9ed82550878579a870e4d3011047d69a2d58e6807b49b1
final_audited_artifacts/skill_framework/individual_skill_dirs/chapters/ch08/SKILL.md,7698,1b6e67b4feece2107bb08340b6a27aa857336fcd1ef04e9625e1092245befd25
final_audited_artifacts/skill_framework/individual_skill_dirs/chapters/ch09/SKILL.md,7650,2a2a69c4792762f356cda5a19bf52208829c98ac1b430560872d193338004fa0
final_audited_artifacts/skill_framework/individual_skill_dirs/chapters/ch10/SKILL.md,7420,cfe390a8aecb91c54d3dd9e127794422c6fccc8b6290ba86d23e5b4c93a8f0fe
final_audited_artifacts/skill_framework/individual_skill_dirs/chapters/ch11/SKILL.md,7883,9e0e3981c5ca09e32713945b67ecc297a1293bd8e69da5d6af0da4f30cc9e950
final_audited_artifacts/skill_framework/individual_skill_dirs/chapters/ch12/SKILL.md,8020,5f67dce32b3a33fcfec0b8073fa70011b8ba8030b7c656558e751e922b699781
final_audited_artifacts/skill_framework/individual_skill_dirs/overall-structure/SKILL.md,29779,3cb55d47690f69a5c2def729224067551b7674e7ce9582defee6a9c7ed8c91c7
final_audited_artifacts/skill_framework/individual_skill_dirs/sections/ch01/01-the-dense-ffn-bottleneck/SKILL.md,19892,02c1c1083f382f811ef8dcf3f8206411dbb2cce6438082317257e4e06d199c55
final_audited_artifacts/skill_framework/individual_skill_dirs/sections/ch01/02-conditional-compute-as-the-central-idea/SKILL.md,20509,ab2686f12011be1ebf5284721e6485b8542a24893d8bf519fb31181f88095b8b
final_audited_artifacts/skill_framework/individual_skill_dirs/sections/ch01/03-a-tiny-routing-story/SKILL.md,19486,0b16388c9ed7cdbf4d58df93955ea1047ed8bdb6bed5801d8e18f4d16138b719
final_audited_artifacts/skill_framework/individual_skill_dirs/sections/ch01/04-what-from-scratch-means-for-this-book/SKILL.md,20508,abea02ffeee4c833e90dbe0a17b2b42eb5584a8074b4d3e69cdf04c63d3aa6bf
final_audited_artifacts/skill_framework/individual_skill_dirs/sections/ch01/05-the-minideepseekmoe-build-ladder/SKILL.md,20285,a95b9475b0f5d362229ef76687468c37aee4072496130e338d9185986609b445
final_audited_artifacts/skill_framework/individual_skill_dirs/sections/ch01/06-chapter-summary-and-handoff/SKILL.md,19821,1ea7333c496e6921bb29b38bb483b36b0c52df4ea8d5284416eb7eec5de2ccff
final_audited_artifacts/skill_framework/individual_skill_dirs/sections/ch02/01-dataset-and-token-batches/SKILL.md,19415,d9304acc4d64808657985f4772119502956751f3bd81e384da19a0207ab71e7e
final_audited_artifacts/skill_framework/individual_skill_dirs/sections/ch02/02-token-and-position-embeddings/SKILL.md,19651,7f91c0c0a4920538ff62b8ae886bdbb29cd20af3f332310d9739f607ce8abd1c
final_audited_artifacts/skill_framework/individual_skill_dirs/sections/ch02/03-causal-self-attention-as-the-context-path/SKILL.md,20163,0f91921449b66ade6d66cee0f62f4ef2277093234b686ebd98bdc9d6e5081dee
final_audited_artifacts/skill_framework/individual_skill_dirs/sections/ch02/04-dense-feed-forward-block-as-the-replacement-target/SKILL.md,20558,266845567e351d04549911cc986eca2a67d71387e84be86fd2b828755cd69917
final_audited_artifacts/skill_framework/individual_skill_dirs/sections/ch02/05-training-loop-and-sampling-baseline/SKILL.md,20050,94cd3a90ea38f3bff739c4b986401acdedb4e244af1536614038681fbd9960eb
final_audited_artifacts/skill_framework/individual_skill_dirs/sections/ch02/06-baseline-diagnostics-and-comparison-slots/SKILL.md,20573,bf5502ec656644ff10dcb3a7c8cbc3a420401d72dc4374f864c61478213845d5
final_audited_artifacts/skill_framework/individual_skill_dirs/sections/ch03/01-expert-mlps-as-named-ffns/SKILL.md,19625,6dba68e8b4e13bf76b2bd8ccb0fcd544a1d2d6e3635f265cd07534cc11ae1295
final_audited_artifacts/skill_framework/individual_skill_dirs/sections/ch03/02-router-scores-and-tensor-shapes/SKILL.md,19998,43838b13b853e751f75668b992757d2f7d97ecff1069602383d11532f40d24d5
final_audited_artifacts/skill_framework/individual_skill_dirs/sections/ch03/03-top-k-selection-without-dispatch/SKILL.md,20077,ae1f8a2dfd9591e437668e287c52813ddfb1b36dc58c72b1375a6c9f781b5ec6
final_audited_artifacts/skill_framework/individual_skill_dirs/sections/ch03/04-naive-token-by-token-dispatch/SKILL.md,19872,4b0e8f9336b309a0eb3f98c3c11ae888ba0d9b7e3da6410afd41e7b97d2a1f18
final_audited_artifacts/skill_framework/individual_skill_dirs/sections/ch03/05-shape-and-gradient-checks/SKILL.md,19757,750914d0719e07e90b8df47c71c09068ed3bd0cfb7d1570e87fc2d2ac2e213eb
final_audited_artifacts/skill_framework/individual_skill_dirs/sections/ch03/06-chapter-summary-and-handoff/SKILL.md,19745,478f69b33ee872cef22453e37054c735056a620a606454973f35d76f2e836124
final_audited_artifacts/skill_framework/individual_skill_dirs/sections/ch04/01-why-top-1-routing-is-the-simplest-sparse-case/SKILL.md,20437,1679c037e417f52f15994c3c36b88c6461b75740f7570f69522e012f1db486b2
final_audited_artifacts/skill_framework/individual_skill_dirs/sections/ch04/02-assignment-masks-and-expert-buckets/SKILL.md,19888,2869c019498c0346e153debede985d1c956864d0eefd8748ec44940030119f7f
final_audited_artifacts/skill_framework/individual_skill_dirs/sections/ch04/03-dispatching-tokens-to-selected-experts/SKILL.md,20169,d164bcce8c7a2f133e0cc6f8f4b0795871a5ac5a07d7631f7cbffac5ab45f41f
final_audited_artifacts/skill_framework/individual_skill_dirs/sections/ch04/04-capacity-and-dropped-tokens/SKILL.md,19821,985997b373b276b8d6078bd9496fec1242722ca80e7b01d2699bf237c213bbe7
final_audited_artifacts/skill_framework/individual_skill_dirs/sections/ch04/05-load-histograms-and-failure-modes/SKILL.md,20094,3f99c2848411b7426fed48fae6a8a0fe0e2e944e16ced58259770ec3857a7e22
final_audited_artifacts/skill_framework/individual_skill_dirs/sections/ch04/06-chapter-summary-and-handoff/SKILL.md,19627,a06021d5aa2db415527e28106d53a9900037c451e0da157ccd167d50c71dc9c4
final_audited_artifacts/skill_framework/individual_skill_dirs/sections/ch05/01-why-top-2-changes-the-routing-story/SKILL.md,20170,d5bfe2cd65d08d0647a6a437fd9aa9a39ee7f2a59765d0b1ce94f11066b7148b
final_audited_artifacts/skill_framework/individual_skill_dirs/sections/ch05/02-normalizing-selected-router-scores/SKILL.md,20001,b29b0b8065b2f9339ff85d89256348f9659e59f406633d32ce40b7572c9eb892
final_audited_artifacts/skill_framework/individual_skill_dirs/sections/ch05/03-dispatch-for-two-expert-paths-per-token/SKILL.md,20409,37f64f863e43e90574e15cbeb36c2ee17a64a9b4af8671b2bd840f683e5b4b3a
final_audited_artifacts/skill_framework/individual_skill_dirs/sections/ch05/04-comparing-top-1-and-top-2-diagnostics/SKILL.md,20551,4946838d7018ee08286c2c1bfe8fdbe4cf6d1ac35fa265213c153c16c713d286
final_audited_artifacts/skill_framework/individual_skill_dirs/sections/ch05/05-numerical-stability-in-top-k-gates/SKILL.md,20174,205c1525e7939d6cf2ded6b5c8434600fe2c04b459a555d5b3be49a881b976fc
final_audited_artifacts/skill_framework/individual_skill_dirs/sections/ch05/06-chapter-summary-and-handoff/SKILL.md,19749,34cf7aa0b1872de4b6e4efe8345f9f51dfe0a3e6aa2a40c828b35d5a9aaac649
final_audited_artifacts/skill_framework/individual_skill_dirs/sections/ch06/01-flattened-tokens-as-the-dispatch-unit/SKILL.md,20285,2c647185324dbde95ac39aed5cb247601b05f39086b0d7f3edfdee22b0c80d6d
final_audited_artifacts/skill_framework/individual_skill_dirs/sections/ch06/02-expert-batch-construction/SKILL.md,19641,a65aec565290f07d8de0dee466b2e3d418cf6a16bf772436775bdbe7b589770a
final_audited_artifacts/skill_framework/individual_skill_dirs/sections/ch06/03-capacity-factors-and-overflow-policy/SKILL.md,20317,411a484370c73b164ea991db7228941be681d5f6e874e080e44b53f179beea99
final_audited_artifacts/skill_framework/individual_skill_dirs/sections/ch06/04-unpacking-and-weighted-combine/SKILL.md,20211,ecc535bddc7cc03d522cc95779d97b097a578530cbb8968cd45b42d94253a307
final_audited_artifacts/skill_framework/individual_skill_dirs/sections/ch06/05-equivalence-tests-against-the-naive-layer/SKILL.md,20573,169687ab456575096627a87e3676eedf6b72b88ab5ae353e802de7ed9eb945c4
final_audited_artifacts/skill_framework/individual_skill_dirs/sections/ch06/06-chapter-summary-and-handoff/SKILL.md,19846,e19072f30aa13c6e5292ae9d77c94fc777e4636d217a7f2fa5d80069dad17193
final_audited_artifacts/skill_framework/individual_skill_dirs/sections/ch07/01-expert-imbalance-as-a-training-problem/SKILL.md,20496,8a7ef632ba20bcb551db094fe598380292b87f5d3b26436a3560414b017d2754
final_audited_artifacts/skill_framework/individual_skill_dirs/sections/ch07/02-auxiliary-load-balancing-loss/SKILL.md,20025,2d060ccb047cce32a84a1a4fa89fbf55a315d5a9bd4b90cbe4b3822cbc57e198
final_audited_artifacts/skill_framework/individual_skill_dirs/sections/ch07/03-integrating-auxiliary-loss-into-training/SKILL.md,20598,97e683b834c663aaf05785ad94d2a29d1ced157847eeb61e7b32f5a0b1296f12
final_audited_artifacts/skill_framework/individual_skill_dirs/sections/ch07/04-router-score-scale-and-z-loss/SKILL.md,20048,077e23fb21268600b1b9744cfdb31ac43bd43da223b40dd303f7a6a61b328a90
final_audited_artifacts/skill_framework/individual_skill_dirs/sections/ch07/05-routing-dashboards-and-training-logs/SKILL.md,20585,b05213fcb7d44e3e85696f2d8f9f854e7bb59e67b9bd812e72d81448c6b8cbff
final_audited_artifacts/skill_framework/individual_skill_dirs/sections/ch07/06-chapter-summary-and-handoff/SKILL.md,20025,d3201d8cb30ce962177af95931ab6bf03aee6967d170bdcae1804cccf5723903
final_audited_artifacts/skill_framework/individual_skill_dirs/sections/ch08/01-the-role-of-shared-experts/SKILL.md,20035,d8573799ce413cea956744ca26a4a1b9c9c5e0e2a36c4ea15b66974ac28019bf
final_audited_artifacts/skill_framework/individual_skill_dirs/sections/ch08/02-fine-grained-routed-expert-segmentation/SKILL.md,20707,c953dc7bf5198f1c8e17ee63a6dcc4901da94661cb7ce4c3fec8ec97a6ca419c
final_audited_artifacts/skill_framework/individual_skill_dirs/sections/ch08/03-the-minideepseekmoe-layer-contract/SKILL.md,20551,a9d447173b2b383a9383fe3d075f0e4dfd723a4ca28fc0c0f1d908d50f918158
final_audited_artifacts/skill_framework/individual_skill_dirs/sections/ch08/04-combining-shared-and-routed-outputs/SKILL.md,20474,9539b739501ab7450744397c66da49334e07e94f38092b52ae7f68198d99eb57
final_audited_artifacts/skill_framework/individual_skill_dirs/sections/ch08/05-specialization-diagnostics/SKILL.md,20228,32a24a9d4c45469d09ea027f8a4ff9be1f2f59b617d79c3682a16d54af301aec
final_audited_artifacts/skill_framework/individual_skill_dirs/sections/ch08/06-chapter-summary-and-handoff/SKILL.md,20046,575a59e44edf0bd2e91a270a7f65352bc3b445bd0e930a34b54dc4daf8ac9f87
final_audited_artifacts/skill_framework/individual_skill_dirs/sections/ch09/01-the-limitation-of-auxiliary-balancing/SKILL.md,20627,60d0d8aa20e2a01e6ec6391c430a11ddcc17b55eb2614dea3a8cb4bf105a1edc
final_audited_artifacts/skill_framework/individual_skill_dirs/sections/ch09/02-router-bias-as-non-trainable-state/SKILL.md,20642,b9f7e628b73b5d1cf654fa4d070ff845dec8f6bdc2d461bb56c2b3169a3d4451
final_audited_artifacts/skill_framework/individual_skill_dirs/sections/ch09/03-biased-selection-and-unbiased-combine/SKILL.md,20856,221085d010822f520dcc3b2865f27d89f759b299977e7c13b47a198e9d0c4831
final_audited_artifacts/skill_framework/individual_skill_dirs/sections/ch09/04-dynamic-bias-update-from-expert-load/SKILL.md,20730,a813638215cda23c2ade99d6a42c2d0769363203b66735cc276c98f191be6b67
final_audited_artifacts/skill_framework/individual_skill_dirs/sections/ch09/05-comparing-balancing-methods/SKILL.md,20296,980f76da4429b42b6fd51d6771f94f8f1893fac026022dcd0d339a0729c8d77c
final_audited_artifacts/skill_framework/individual_skill_dirs/sections/ch09/06-chapter-summary-and-handoff/SKILL.md,20164,65021026920cef41c38860e25180002170c894cffa1a8ff565cab53580ad18ad
final_audited_artifacts/skill_framework/individual_skill_dirs/sections/ch10/01-configuration-objects-and-model-variants/SKILL.md,20770,35a20682b9177f91c1e7ab746913aae6bcdb0bc3a8fa1af9e7f1fb2777546309
final_audited_artifacts/skill_framework/individual_skill_dirs/sections/ch10/02-decoder-block-with-dense-prefix-and-moe-layers/SKILL.md,21047,4c3fa34797271966c3f5d7c8f6430791cc62112910a92d91b5dd6738960b9729
final_audited_artifacts/skill_framework/individual_skill_dirs/sections/ch10/03-forward-pass-outputs-and-loss-dictionary/SKILL.md,20823,7f0c94d7174463ebbbe3cbe50f3ee36fa8e7928ad9c977165c837c57fac5cc94
final_audited_artifacts/skill_framework/individual_skill_dirs/sections/ch10/04-training-and-sampling-scripts/SKILL.md,20261,7d8c4b9736564918ce50c241d93cecee5d6b0b58ad20266e9c98f288b12f272e
final_audited_artifacts/skill_framework/individual_skill_dirs/sections/ch10/05-full-model-smoke-tests/SKILL.md,19783,45cae77462cf9533316782e0f9153ce5f0c5b2b3a6ac436114036ba8678b303e
final_audited_artifacts/skill_framework/individual_skill_dirs/sections/ch10/06-chapter-summary-and-handoff/SKILL.md,20113,94e55dea3767e346b8f5ff5668cf0024ea3d58cd5ac30cc692266b45ee0f27fc
final_audited_artifacts/skill_framework/individual_skill_dirs/sections/ch11/01-experiment-design-for-a-from-scratch-book/SKILL.md,21154,0c3ce08d0c07572feaf51e39c4616a30c291b4b43e5efd5fbf648fc3fc5359c3
final_audited_artifacts/skill_framework/individual_skill_dirs/sections/ch11/02-dataset-preparation-and-reproducibility/SKILL.md,20710,6d53f89e4f56e8123d010b9fbec9ade5a51e2b5b33a0130c99d28a8ea4d58315
final_audited_artifacts/skill_framework/individual_skill_dirs/sections/ch11/03-loss-curves-and-routing-dashboards/SKILL.md,20827,c3fbce664c3495fbaac2e2cf26321ef920745505e87e59a2bcd26a751b680745
final_audited_artifacts/skill_framework/individual_skill_dirs/sections/ch11/04-ablation-matrix-dense-top-1-top-2-shared-and-bias-balanced/SKILL.md,22148,7e22b9b38f1603f37cca80788777567e10d1ed57d602d3710497a2bb57923e2b
final_audited_artifacts/skill_framework/individual_skill_dirs/sections/ch11/05-interpreting-expert-behavior-carefully/SKILL.md,20768,65aa6b8ded852acf0309d3e6cce9494b37dafa1a2dc055ce510372f9ea95c6d5
final_audited_artifacts/skill_framework/individual_skill_dirs/sections/ch11/06-chapter-summary-and-handoff/SKILL.md,20311,dffd2a6ff2b1ca09920ba14620c13870e49b857672f20a0b0505e9e62c794187
final_audited_artifacts/skill_framework/individual_skill_dirs/sections/ch12/01-autoregressive-inference-with-sparse-ffns/SKILL.md,21001,bace9d1d2fa0305fc053527153a6db08bc47b185698f1b8a3717927f9dd0384d
final_audited_artifacts/skill_framework/individual_skill_dirs/sections/ch12/02-batching-routed-tokens-at-inference/SKILL.md,20673,7c1c466d287a9e5cd6a019d38d0bc8aa17c17c827ba829b5a07c94d5a3aab600
final_audited_artifacts/skill_framework/individual_skill_dirs/sections/ch12/03-compute-memory-and-active-parameter-accounting/SKILL.md,21435,f33cb29a17d3defa6fdab45647509031e67605b2efccd0dc5f0eaba27e5d009f
final_audited_artifacts/skill_framework/individual_skill_dirs/sections/ch12/04-expert-parallelism-and-all-to-all-communication/SKILL.md,21533,92ab493b326977e3bed2b6ea65d9342f0b8c31ea3a3e8d0ae52a50d1a8dc603a
final_audited_artifacts/skill_framework/individual_skill_dirs/sections/ch12/05-mapping-the-book-model-to-production-moe-families/SKILL.md,21547,e4eeaf36a46a4f11f43f5beaa6d5bf704a990efcba2609634a6997c5b4b8a6de
final_audited_artifacts/skill_framework/individual_skill_dirs/sections/ch12/06-book-summary-and-next-steps/SKILL.md,20448,b8b83e42171152bc9b52f3c361ba552453b7e5a7607fc49e82b3d5234b041e3f
final_audited_artifacts/skill_framework/installable_skill_source/moe-models-from-scratch-developer/SKILL.md,13841,713e1d90114442515f19986bfe89d4da2ea184bf44bfacfbe41cf042e1c3695e
final_audited_artifacts/skill_framework/installable_skill_source/moe-models-from-scratch-developer/agents/openai.yaml,129,7917c0275b65e919ff3b68dbd597c313f659ea6b230320b861ecf1d83290f9cb
final_audited_artifacts/skill_framework/installable_skill_source/moe-models-from-scratch-developer/references/book-flow-and-language.md,3912,f54cdbd00eb9c2c7c22a009ef8601106d9cfa7dc50a9a2badd7b7e9a0e86dd36
final_audited_artifacts/skill_framework/installable_skill_source/moe-models-from-scratch-developer/references/chapter-skills/ch01.md,7707,128965b18047e74d19d09d6a1a78428bb4f429ccdf38ab8fd239e7fef3561efc
final_audited_artifacts/skill_framework/installable_skill_source/moe-models-from-scratch-developer/references/chapter-skills/ch02.md,7496,ec46c19dc5d2fcdff83d652e2219ee8d8e5b9627f343ffb4945c615b071702f8
final_audited_artifacts/skill_framework/installable_skill_source/moe-models-from-scratch-developer/references/chapter-skills/ch03.md,7459,7285af0a746a65fb8cf1252c3a90450371ec887b269119db41108c89fd5d8035
final_audited_artifacts/skill_framework/installable_skill_source/moe-models-from-scratch-developer/references/chapter-skills/ch04.md,7418,69fd7caf5783f9b732ca21afb0e35dfe3631b4e11a7462a9ae9d8d7167c3429c
final_audited_artifacts/skill_framework/installable_skill_source/moe-models-from-scratch-developer/references/chapter-skills/ch05.md,7379,54e7fd4a041545e65d660005b9b30a7a4e7a1b6062a18ed54414a55ba17fde12
final_audited_artifacts/skill_framework/installable_skill_source/moe-models-from-scratch-developer/references/chapter-skills/ch06.md,7486,ebd7323e70b1578fc5526de6b8d05839184ef74942fba96a28b6a691e41b1aad
final_audited_artifacts/skill_framework/installable_skill_source/moe-models-from-scratch-developer/references/chapter-skills/ch07.md,7552,3d7314fa22baf001be9ed82550878579a870e4d3011047d69a2d58e6807b49b1
final_audited_artifacts/skill_framework/installable_skill_source/moe-models-from-scratch-developer/references/chapter-skills/ch08.md,7698,1b6e67b4feece2107bb08340b6a27aa857336fcd1ef04e9625e1092245befd25
final_audited_artifacts/skill_framework/installable_skill_source/moe-models-from-scratch-developer/references/chapter-skills/ch09.md,7650,2a2a69c4792762f356cda5a19bf52208829c98ac1b430560872d193338004fa0
final_audited_artifacts/skill_framework/installable_skill_source/moe-models-from-scratch-developer/references/chapter-skills/ch10.md,7420,cfe390a8aecb91c54d3dd9e127794422c6fccc8b6290ba86d23e5b4c93a8f0fe
final_audited_artifacts/skill_framework/installable_skill_source/moe-models-from-scratch-developer/references/chapter-skills/ch11.md,7883,9e0e3981c5ca09e32713945b67ecc297a1293bd8e69da5d6af0da4f30cc9e950
final_audited_artifacts/skill_framework/installable_skill_source/moe-models-from-scratch-developer/references/chapter-skills/ch12.md,8020,5f67dce32b3a33fcfec0b8073fa70011b8ba8030b7c656558e751e922b699781
final_audited_artifacts/skill_framework/installable_skill_source/moe-models-from-scratch-developer/references/codebase-development-contract.md,580,003a07119e6328f95563e51e0f76a866b3a8194678ed12d59e56959060d9d0c7
final_audited_artifacts/skill_framework/installable_skill_source/moe-models-from-scratch-developer/references/overall-structure.md,29779,3cb55d47690f69a5c2def729224067551b7674e7ce9582defee6a9c7ed8c91c7
final_audited_artifacts/skill_framework/installable_skill_source/moe-models-from-scratch-developer/references/proofread-checklist.md,1067,288ffa4ce971bc163d0381e6684f214a8e9d7f883405b438b2d49413138a2249
final_audited_artifacts/skill_framework/installable_skill_source/moe-models-from-scratch-developer/references/reference-model-spec.md,3153,56ec2af44992d33c7df482f939afd8da29490a89d1a8278da3cb35486ad96797
final_audited_artifacts/skill_framework/installable_skill_source/moe-models-from-scratch-developer/references/section-skill-index.csv,56951,c500a3bba63974ee5643a198b208a14ce15b9984ad713fb0a9b633aa6d15bb71
final_audited_artifacts/skill_framework/installable_skill_source/moe-models-from-scratch-developer/references/section-skill-index.json,76650,c9a0f7813ff7a277b75386a2762cdf8cdf523b20036f487870dec9f2966df40c
final_audited_artifacts/skill_framework/installable_skill_source/moe-models-from-scratch-developer/references/section-skills/ch01/01-the-dense-ffn-bottleneck.md,19892,02c1c1083f382f811ef8dcf3f8206411dbb2cce6438082317257e4e06d199c55
final_audited_artifacts/skill_framework/installable_skill_source/moe-models-from-scratch-developer/references/section-skills/ch01/02-conditional-compute-as-the-central-idea.md,20509,ab2686f12011be1ebf5284721e6485b8542a24893d8bf519fb31181f88095b8b
final_audited_artifacts/skill_framework/installable_skill_source/moe-models-from-scratch-developer/references/section-skills/ch01/03-a-tiny-routing-story.md,19486,0b16388c9ed7cdbf4d58df93955ea1047ed8bdb6bed5801d8e18f4d16138b719
final_audited_artifacts/skill_framework/installable_skill_source/moe-models-from-scratch-developer/references/section-skills/ch01/04-what-from-scratch-means-for-this-book.md,20508,abea02ffeee4c833e90dbe0a17b2b42eb5584a8074b4d3e69cdf04c63d3aa6bf
final_audited_artifacts/skill_framework/installable_skill_source/moe-models-from-scratch-developer/references/section-skills/ch01/05-the-minideepseekmoe-build-ladder.md,20285,a95b9475b0f5d362229ef76687468c37aee4072496130e338d9185986609b445
final_audited_artifacts/skill_framework/installable_skill_source/moe-models-from-scratch-developer/references/section-skills/ch01/06-chapter-summary-and-handoff.md,19821,1ea7333c496e6921bb29b38bb483b36b0c52df4ea8d5284416eb7eec5de2ccff
final_audited_artifacts/skill_framework/installable_skill_source/moe-models-from-scratch-developer/references/section-skills/ch02/01-dataset-and-token-batches.md,19415,d9304acc4d64808657985f4772119502956751f3bd81e384da19a0207ab71e7e
final_audited_artifacts/skill_framework/installable_skill_source/moe-models-from-scratch-developer/references/section-skills/ch02/02-token-and-position-embeddings.md,19651,7f91c0c0a4920538ff62b8ae886bdbb29cd20af3f332310d9739f607ce8abd1c
final_audited_artifacts/skill_framework/installable_skill_source/moe-models-from-scratch-developer/references/section-skills/ch02/03-causal-self-attention-as-the-context-path.md,20163,0f91921449b66ade6d66cee0f62f4ef2277093234b686ebd98bdc9d6e5081dee
final_audited_artifacts/skill_framework/installable_skill_source/moe-models-from-scratch-developer/references/section-skills/ch02/04-dense-feed-forward-block-as-the-replacement-target.md,20558,266845567e351d04549911cc986eca2a67d71387e84be86fd2b828755cd69917
final_audited_artifacts/skill_framework/installable_skill_source/moe-models-from-scratch-developer/references/section-skills/ch02/05-training-loop-and-sampling-baseline.md,20050,94cd3a90ea38f3bff739c4b986401acdedb4e244af1536614038681fbd9960eb
final_audited_artifacts/skill_framework/installable_skill_source/moe-models-from-scratch-developer/references/section-skills/ch02/06-baseline-diagnostics-and-comparison-slots.md,20573,bf5502ec656644ff10dcb3a7c8cbc3a420401d72dc4374f864c61478213845d5
final_audited_artifacts/skill_framework/installable_skill_source/moe-models-from-scratch-developer/references/section-skills/ch03/01-expert-mlps-as-named-ffns.md,19625,6dba68e8b4e13bf76b2bd8ccb0fcd544a1d2d6e3635f265cd07534cc11ae1295
final_audited_artifacts/skill_framework/installable_skill_source/moe-models-from-scratch-developer/references/section-skills/ch03/02-router-scores-and-tensor-shapes.md,19998,43838b13b853e751f75668b992757d2f7d97ecff1069602383d11532f40d24d5
final_audited_artifacts/skill_framework/installable_skill_source/moe-models-from-scratch-developer/references/section-skills/ch03/03-top-k-selection-without-dispatch.md,20077,ae1f8a2dfd9591e437668e287c52813ddfb1b36dc58c72b1375a6c9f781b5ec6
final_audited_artifacts/skill_framework/installable_skill_source/moe-models-from-scratch-developer/references/section-skills/ch03/04-naive-token-by-token-dispatch.md,19872,4b0e8f9336b309a0eb3f98c3c11ae888ba0d9b7e3da6410afd41e7b97d2a1f18
final_audited_artifacts/skill_framework/installable_skill_source/moe-models-from-scratch-developer/references/section-skills/ch03/05-shape-and-gradient-checks.md,19757,750914d0719e07e90b8df47c71c09068ed3bd0cfb7d1570e87fc2d2ac2e213eb
final_audited_artifacts/skill_framework/installable_skill_source/moe-models-from-scratch-developer/references/section-skills/ch03/06-chapter-summary-and-handoff.md,19745,478f69b33ee872cef22453e37054c735056a620a606454973f35d76f2e836124
final_audited_artifacts/skill_framework/installable_skill_source/moe-models-from-scratch-developer/references/section-skills/ch04/01-why-top-1-routing-is-the-simplest-sparse-case.md,20437,1679c037e417f52f15994c3c36b88c6461b75740f7570f69522e012f1db486b2
final_audited_artifacts/skill_framework/installable_skill_source/moe-models-from-scratch-developer/references/section-skills/ch04/02-assignment-masks-and-expert-buckets.md,19888,2869c019498c0346e153debede985d1c956864d0eefd8748ec44940030119f7f
final_audited_artifacts/skill_framework/installable_skill_source/moe-models-from-scratch-developer/references/section-skills/ch04/03-dispatching-tokens-to-selected-experts.md,20169,d164bcce8c7a2f133e0cc6f8f4b0795871a5ac5a07d7631f7cbffac5ab45f41f
final_audited_artifacts/skill_framework/installable_skill_source/moe-models-from-scratch-developer/references/section-skills/ch04/04-capacity-and-dropped-tokens.md,19821,985997b373b276b8d6078bd9496fec1242722ca80e7b01d2699bf237c213bbe7
final_audited_artifacts/skill_framework/installable_skill_source/moe-models-from-scratch-developer/references/section-skills/ch04/05-load-histograms-and-failure-modes.md,20094,3f99c2848411b7426fed48fae6a8a0fe0e2e944e16ced58259770ec3857a7e22
final_audited_artifacts/skill_framework/installable_skill_source/moe-models-from-scratch-developer/references/section-skills/ch04/06-chapter-summary-and-handoff.md,19627,a06021d5aa2db415527e28106d53a9900037c451e0da157ccd167d50c71dc9c4
final_audited_artifacts/skill_framework/installable_skill_source/moe-models-from-scratch-developer/references/section-skills/ch05/01-why-top-2-changes-the-routing-story.md,20170,d5bfe2cd65d08d0647a6a437fd9aa9a39ee7f2a59765d0b1ce94f11066b7148b
final_audited_artifacts/skill_framework/installable_skill_source/moe-models-from-scratch-developer/references/section-skills/ch05/02-normalizing-selected-router-scores.md,20001,b29b0b8065b2f9339ff85d89256348f9659e59f406633d32ce40b7572c9eb892
final_audited_artifacts/skill_framework/installable_skill_source/moe-models-from-scratch-developer/references/section-skills/ch05/03-dispatch-for-two-expert-paths-per-token.md,20409,37f64f863e43e90574e15cbeb36c2ee17a64a9b4af8671b2bd840f683e5b4b3a
final_audited_artifacts/skill_framework/installable_skill_source/moe-models-from-scratch-developer/references/section-skills/ch05/04-comparing-top-1-and-top-2-diagnostics.md,20551,4946838d7018ee08286c2c1bfe8fdbe4cf6d1ac35fa265213c153c16c713d286
final_audited_artifacts/skill_framework/installable_skill_source/moe-models-from-scratch-developer/references/section-skills/ch05/05-numerical-stability-in-top-k-gates.md,20174,205c1525e7939d6cf2ded6b5c8434600fe2c04b459a555d5b3be49a881b976fc
final_audited_artifacts/skill_framework/installable_skill_source/moe-models-from-scratch-developer/references/section-skills/ch05/06-chapter-summary-and-handoff.md,19749,34cf7aa0b1872de4b6e4efe8345f9f51dfe0a3e6aa2a40c828b35d5a9aaac649
final_audited_artifacts/skill_framework/installable_skill_source/moe-models-from-scratch-developer/references/section-skills/ch06/01-flattened-tokens-as-the-dispatch-unit.md,20285,2c647185324dbde95ac39aed5cb247601b05f39086b0d7f3edfdee22b0c80d6d
final_audited_artifacts/skill_framework/installable_skill_source/moe-models-from-scratch-developer/references/section-skills/ch06/02-expert-batch-construction.md,19641,a65aec565290f07d8de0dee466b2e3d418cf6a16bf772436775bdbe7b589770a
final_audited_artifacts/skill_framework/installable_skill_source/moe-models-from-scratch-developer/references/section-skills/ch06/03-capacity-factors-and-overflow-policy.md,20317,411a484370c73b164ea991db7228941be681d5f6e874e080e44b53f179beea99
final_audited_artifacts/skill_framework/installable_skill_source/moe-models-from-scratch-developer/references/section-skills/ch06/04-unpacking-and-weighted-combine.md,20211,ecc535bddc7cc03d522cc95779d97b097a578530cbb8968cd45b42d94253a307
final_audited_artifacts/skill_framework/installable_skill_source/moe-models-from-scratch-developer/references/section-skills/ch06/05-equivalence-tests-against-the-naive-layer.md,20573,169687ab456575096627a87e3676eedf6b72b88ab5ae353e802de7ed9eb945c4
final_audited_artifacts/skill_framework/installable_skill_source/moe-models-from-scratch-developer/references/section-skills/ch06/06-chapter-summary-and-handoff.md,19846,e19072f30aa13c6e5292ae9d77c94fc777e4636d217a7f2fa5d80069dad17193
final_audited_artifacts/skill_framework/installable_skill_source/moe-models-from-scratch-developer/references/section-skills/ch07/01-expert-imbalance-as-a-training-problem.md,20496,8a7ef632ba20bcb551db094fe598380292b87f5d3b26436a3560414b017d2754
final_audited_artifacts/skill_framework/installable_skill_source/moe-models-from-scratch-developer/references/section-skills/ch07/02-auxiliary-load-balancing-loss.md,20025,2d060ccb047cce32a84a1a4fa89fbf55a315d5a9bd4b90cbe4b3822cbc57e198
final_audited_artifacts/skill_framework/installable_skill_source/moe-models-from-scratch-developer/references/section-skills/ch07/03-integrating-auxiliary-loss-into-training.md,20598,97e683b834c663aaf05785ad94d2a29d1ced157847eeb61e7b32f5a0b1296f12
final_audited_artifacts/skill_framework/installable_skill_source/moe-models-from-scratch-developer/references/section-skills/ch07/04-router-score-scale-and-z-loss.md,20048,077e23fb21268600b1b9744cfdb31ac43bd43da223b40dd303f7a6a61b328a90
final_audited_artifacts/skill_framework/installable_skill_source/moe-models-from-scratch-developer/references/section-skills/ch07/05-routing-dashboards-and-training-logs.md,20585,b05213fcb7d44e3e85696f2d8f9f854e7bb59e67b9bd812e72d81448c6b8cbff
final_audited_artifacts/skill_framework/installable_skill_source/moe-models-from-scratch-developer/references/section-skills/ch07/06-chapter-summary-and-handoff.md,20025,d3201d8cb30ce962177af95931ab6bf03aee6967d170bdcae1804cccf5723903
final_audited_artifacts/skill_framework/installable_skill_source/moe-models-from-scratch-developer/references/section-skills/ch08/01-the-role-of-shared-experts.md,20035,d8573799ce413cea956744ca26a4a1b9c9c5e0e2a36c4ea15b66974ac28019bf
final_audited_artifacts/skill_framework/installable_skill_source/moe-models-from-scratch-developer/references/section-skills/ch08/02-fine-grained-routed-expert-segmentation.md,20707,c953dc7bf5198f1c8e17ee63a6dcc4901da94661cb7ce4c3fec8ec97a6ca419c
final_audited_artifacts/skill_framework/installable_skill_source/moe-models-from-scratch-developer/references/section-skills/ch08/03-the-minideepseekmoe-layer-contract.md,20551,a9d447173b2b383a9383fe3d075f0e4dfd723a4ca28fc0c0f1d908d50f918158
final_audited_artifacts/skill_framework/installable_skill_source/moe-models-from-scratch-developer/references/section-skills/ch08/04-combining-shared-and-routed-outputs.md,20474,9539b739501ab7450744397c66da49334e07e94f38092b52ae7f68198d99eb57
final_audited_artifacts/skill_framework/installable_skill_source/moe-models-from-scratch-developer/references/section-skills/ch08/05-specialization-diagnostics.md,20228,32a24a9d4c45469d09ea027f8a4ff9be1f2f59b617d79c3682a16d54af301aec
final_audited_artifacts/skill_framework/installable_skill_source/moe-models-from-scratch-developer/references/section-skills/ch08/06-chapter-summary-and-handoff.md,20046,575a59e44edf0bd2e91a270a7f65352bc3b445bd0e930a34b54dc4daf8ac9f87
final_audited_artifacts/skill_framework/installable_skill_source/moe-models-from-scratch-developer/references/section-skills/ch09/01-the-limitation-of-auxiliary-balancing.md,20627,60d0d8aa20e2a01e6ec6391c430a11ddcc17b55eb2614dea3a8cb4bf105a1edc
final_audited_artifacts/skill_framework/installable_skill_source/moe-models-from-scratch-developer/references/section-skills/ch09/02-router-bias-as-non-trainable-state.md,20642,b9f7e628b73b5d1cf654fa4d070ff845dec8f6bdc2d461bb56c2b3169a3d4451
final_audited_artifacts/skill_framework/installable_skill_source/moe-models-from-scratch-developer/references/section-skills/ch09/03-biased-selection-and-unbiased-combine.md,20856,221085d010822f520dcc3b2865f27d89f759b299977e7c13b47a198e9d0c4831
final_audited_artifacts/skill_framework/installable_skill_source/moe-models-from-scratch-developer/references/section-skills/ch09/04-dynamic-bias-update-from-expert-load.md,20730,a813638215cda23c2ade99d6a42c2d0769363203b66735cc276c98f191be6b67
final_audited_artifacts/skill_framework/installable_skill_source/moe-models-from-scratch-developer/references/section-skills/ch09/05-comparing-balancing-methods.md,20296,980f76da4429b42b6fd51d6771f94f8f1893fac026022dcd0d339a0729c8d77c
final_audited_artifacts/skill_framework/installable_skill_source/moe-models-from-scratch-developer/references/section-skills/ch09/06-chapter-summary-and-handoff.md,20164,65021026920cef41c38860e25180002170c894cffa1a8ff565cab53580ad18ad
final_audited_artifacts/skill_framework/installable_skill_source/moe-models-from-scratch-developer/references/section-skills/ch10/01-configuration-objects-and-model-variants.md,20770,35a20682b9177f91c1e7ab746913aae6bcdb0bc3a8fa1af9e7f1fb2777546309
final_audited_artifacts/skill_framework/installable_skill_source/moe-models-from-scratch-developer/references/section-skills/ch10/02-decoder-block-with-dense-prefix-and-moe-layers.md,21047,4c3fa34797271966c3f5d7c8f6430791cc62112910a92d91b5dd6738960b9729
final_audited_artifacts/skill_framework/installable_skill_source/moe-models-from-scratch-developer/references/section-skills/ch10/03-forward-pass-outputs-and-loss-dictionary.md,20823,7f0c94d7174463ebbbe3cbe50f3ee36fa8e7928ad9c977165c837c57fac5cc94
final_audited_artifacts/skill_framework/installable_skill_source/moe-models-from-scratch-developer/references/section-skills/ch10/04-training-and-sampling-scripts.md,20261,7d8c4b9736564918ce50c241d93cecee5d6b0b58ad20266e9c98f288b12f272e
final_audited_artifacts/skill_framework/installable_skill_source/moe-models-from-scratch-developer/references/section-skills/ch10/05-full-model-smoke-tests.md,19783,45cae77462cf9533316782e0f9153ce5f0c5b2b3a6ac436114036ba8678b303e
final_audited_artifacts/skill_framework/installable_skill_source/moe-models-from-scratch-developer/references/section-skills/ch10/06-chapter-summary-and-handoff.md,20113,94e55dea3767e346b8f5ff5668cf0024ea3d58cd5ac30cc692266b45ee0f27fc
final_audited_artifacts/skill_framework/installable_skill_source/moe-models-from-scratch-developer/references/section-skills/ch11/01-experiment-design-for-a-from-scratch-book.md,21154,0c3ce08d0c07572feaf51e39c4616a30c291b4b43e5efd5fbf648fc3fc5359c3
final_audited_artifacts/skill_framework/installable_skill_source/moe-models-from-scratch-developer/references/section-skills/ch11/02-dataset-preparation-and-reproducibility.md,20710,6d53f89e4f56e8123d010b9fbec9ade5a51e2b5b33a0130c99d28a8ea4d58315
final_audited_artifacts/skill_framework/installable_skill_source/moe-models-from-scratch-developer/references/section-skills/ch11/03-loss-curves-and-routing-dashboards.md,20827,c3fbce664c3495fbaac2e2cf26321ef920745505e87e59a2bcd26a751b680745
final_audited_artifacts/skill_framework/installable_skill_source/moe-models-from-scratch-developer/references/section-skills/ch11/04-ablation-matrix-dense-top-1-top-2-shared-and-bias-balanced.md,22148,7e22b9b38f1603f37cca80788777567e10d1ed57d602d3710497a2bb57923e2b
final_audited_artifacts/skill_framework/installable_skill_source/moe-models-from-scratch-developer/references/section-skills/ch11/05-interpreting-expert-behavior-carefully.md,20768,65aa6b8ded852acf0309d3e6cce9494b37dafa1a2dc055ce510372f9ea95c6d5
final_audited_artifacts/skill_framework/installable_skill_source/moe-models-from-scratch-developer/references/section-skills/ch11/06-chapter-summary-and-handoff.md,20311,dffd2a6ff2b1ca09920ba14620c13870e49b857672f20a0b0505e9e62c794187
final_audited_artifacts/skill_framework/installable_skill_source/moe-models-from-scratch-developer/references/section-skills/ch12/01-autoregressive-inference-with-sparse-ffns.md,21001,bace9d1d2fa0305fc053527153a6db08bc47b185698f1b8a3717927f9dd0384d
final_audited_artifacts/skill_framework/installable_skill_source/moe-models-from-scratch-developer/references/section-skills/ch12/02-batching-routed-tokens-at-inference.md,20673,7c1c466d287a9e5cd6a019d38d0bc8aa17c17c827ba829b5a07c94d5a3aab600
final_audited_artifacts/skill_framework/installable_skill_source/moe-models-from-scratch-developer/references/section-skills/ch12/03-compute-memory-and-active-parameter-accounting.md,21435,f33cb29a17d3defa6fdab45647509031e67605b2efccd0dc5f0eaba27e5d009f
final_audited_artifacts/skill_framework/installable_skill_source/moe-models-from-scratch-developer/references/section-skills/ch12/04-expert-parallelism-and-all-to-all-communication.md,21533,92ab493b326977e3bed2b6ea65d9342f0b8c31ea3a3e8d0ae52a50d1a8dc603a
final_audited_artifacts/skill_framework/installable_skill_source/moe-models-from-scratch-developer/references/section-skills/ch12/05-mapping-the-book-model-to-production-moe-families.md,21547,e4eeaf36a46a4f11f43f5beaa6d5bf704a990efcba2609634a6997c5b4b8a6de
final_audited_artifacts/skill_framework/installable_skill_source/moe-models-from-scratch-developer/references/section-skills/ch12/06-book-summary-and-next-steps.md,20448,b8b83e42171152bc9b52f3c361ba552453b7e5a7607fc49e82b3d5234b041e3f
final_audited_artifacts/skill_framework/installable_skill_source/moe-models-from-scratch-developer/references/separate-session-workflow.md,1045,812b8b1406521d3c302496c633838233be32655a60928ecbd9558afc9c0cb271
final_audited_artifacts/skill_framework/installable_skill_source/moe-models-from-scratch-developer/references/theme-and-artifact-contract.md,4509,62a9beff1b7c4e6d0d8ef130feb88044fe283c480f3b0b8dd8086c8e3e318210
final_audited_artifacts/skill_framework/installable_skill_source/moe-models-from-scratch-developer/scripts/validate_section_package.py,1516,e7ffb40801b2a726383af845cb1963169205eb3a5ffe76c5c360b28bf82bcdc1
final_audited_artifacts/skill_framework/planning_guides/book_flow_and_language.md,3912,f54cdbd00eb9c2c7c22a009ef8601106d9cfa7dc50a9a2badd7b7e9a0e86dd36
final_audited_artifacts/skill_framework/planning_guides/book_plan.md,3633,1e34071de84abb91cb5f2e5b5db106cb134640cffa3816feedca32e06b221656
final_audited_artifacts/skill_framework/planning_guides/chapter_sequence.md,3620,f245a9735b5c821438076e44f96e082f356cfd96078f843a705f3d2983c6bb2c
final_audited_artifacts/skill_framework/planning_guides/codebase_development_contract.md,580,003a07119e6328f95563e51e0f76a866b3a8194678ed12d59e56959060d9d0c7
final_audited_artifacts/skill_framework/planning_guides/codebase_layout_plan.md,2680,4ce47f85fd17629489bab33614ffffd7bcab305bfa8d0b1997dfd893b7cf643d
final_audited_artifacts/skill_framework/planning_guides/latex_artifact_contract.md,877,555fccf25902c8e05a3384469da90bd0c72c7e7caf08a4ed35ee8627ed6f5d3b
final_audited_artifacts/skill_framework/planning_guides/latex_project_layout.md,1017,cf500767d36d1c95e959c63d6b0ce0a5e19e5e0107b28aeb8914d38fe28534a6
final_audited_artifacts/skill_framework/planning_guides/model_choice.md,2935,bd53638d492d7efb220a83decaea8156c9f1e12ff031e4e869005299124c913c
final_audited_artifacts/skill_framework/planning_guides/proofread_checklist.md,608,c2f32b3a7ec33eaf82608d5604ac51bf845dd3fe1b10c868f5dfec27acf4383f
final_audited_artifacts/skill_framework/planning_guides/reference_model_spec.md,3153,56ec2af44992d33c7df482f939afd8da29490a89d1a8278da3cb35486ad96797
final_audited_artifacts/skill_framework/planning_guides/separate_session_workflow.md,586,3faa27c8c4eb9483e5c7d757dd3b9a447799f9bac8aa9d6c5ce4eff8a1c0d559
final_audited_artifacts/skill_framework/planning_guides/source_anchor_map.md,1611,098c89a83595372a54384045a100216d68cf064da4421cca77c57624658d93c6
final_audited_artifacts/skill_framework/planning_guides/visual_theme_contract.md,1757,743157318ff440b0a6937d6e06094613e47cab8c2e76871883e8339bd6f64492
final_audited_artifacts/skill_framework/skill_data/artifact_development_index.csv,31183,b79d5c6b3e2d98d1b1bd5dce9f77bd71a13aa96b6abe98aeb54c09b70e77a141
final_audited_artifacts/skill_framework/skill_data/artifact_development_index.json,78618,2a11ed2a6612ba0ed0f373233fe610ac968c677936cea6634f12cd0255a52fc5
final_audited_artifacts/skill_framework/skill_data/chapter_skill_index.csv,2014,08bc327ae46bdc509dbc1b67942a1eaf2506cf454900f2f218c3adb104b4c488
final_audited_artifacts/skill_framework/skill_data/chapter_skill_index.json,3613,dbd21db0722d91000489220d7b642acc96311304bb8acc227e8c538fa00ef94e
final_audited_artifacts/skill_framework/skill_data/file_manifest.csv,68873,82988f7866be907f1ddb67f43ef0163a0c5f1e8de8881cb5f83b85825f557034
final_audited_artifacts/skill_framework/skill_data/section_brief_index.csv,49779,0b1d5bec87c0731e7fb763ada2b4ae9548749dc9e86d2f4f6dc7009189423e73
final_audited_artifacts/skill_framework/skill_data/section_brief_index.json,70928,3fffe78190ddc765c527f045730c2f994b90adb8621aad959e956912ca74d8c1
final_audited_artifacts/skill_framework/skill_data/section_skill_index.csv,56951,c500a3bba63974ee5643a198b208a14ce15b9984ad713fb0a9b633aa6d15bb71
final_audited_artifacts/skill_framework/skill_data/section_skill_index.json,76650,c9a0f7813ff7a277b75386a2762cdf8cdf523b20036f487870dec9f2966df40c
final_audited_artifacts/skill_framework/source_chapter_packets/ch01.md,3170,23588413b59ac2c8723346f43377f228a352d391c8037dea48ffe561198e49ad
final_audited_artifacts/skill_framework/source_chapter_packets/ch02.md,2952,205041b48aa126a1492175016bfb0ce9183936494faba9dab4d9bcc1cdb0c388
final_audited_artifacts/skill_framework/source_chapter_packets/ch03.md,2940,3eb6c192e935fbde27a3c68547a7c03a381c86c12b31718036fb2b056cc03727
final_audited_artifacts/skill_framework/source_chapter_packets/ch04.md,2874,2ff5dd31aae5b57c5ca490844952dddd04178d57ec3700458d982a55ecaa8361
final_audited_artifacts/skill_framework/source_chapter_packets/ch05.md,2876,61d8d9f659c831e805c94ee9f16ade0d26cc72f70208e44ceaabab79e7b2c9e5
final_audited_artifacts/skill_framework/source_chapter_packets/ch06.md,2957,4d96b46e7d94363c71170e6f7508c91f8e4ca0871827dce36a453345525e6216
final_audited_artifacts/skill_framework/source_chapter_packets/ch07.md,3020,01bcaefb1a400396e635b3d714a559eb4c1a1413e8cf259ae758ddc43a64a2fc
final_audited_artifacts/skill_framework/source_chapter_packets/ch08.md,3107,932c3ce97b04c152fc5804c6699b3ea30922111c8db2a09793cb3313562e86d8
final_audited_artifacts/skill_framework/source_chapter_packets/ch09.md,3073,9b7a8acf426c72c43f9c17fdc779b87c41dfab9922c465adb4bc95eb1b5cc2dd
final_audited_artifacts/skill_framework/source_chapter_packets/ch10.md,2940,01abfb60a6e3ce5a9e4ee9a1c570c68937aca96c4db2bc27a50671b755d014da
final_audited_artifacts/skill_framework/source_chapter_packets/ch11.md,3188,3efd5734d7e53619844616c705c20239f81d88c49daae89562db28ad595294c3
final_audited_artifacts/skill_framework/source_chapter_packets/ch12.md,3322,a40831079ec4057caa9a52c72113f0b937be8bcf8e1d3f4324efb1e18c15019a
final_audited_artifacts/skill_framework/source_section_development_briefs/README.md,13809,79c16b1f149a1f5ef25ee123fda3813e812a7d9e615e0128481ae44acfbeb832
final_audited_artifacts/skill_framework/source_section_development_briefs/ch01/01-the-dense-ffn-bottleneck.md,13884,bbac143ae1b9ec3bcc6c23011edb46571dd38e1471679b7f3e85924c58d11db0
final_audited_artifacts/skill_framework/source_section_development_briefs/ch01/02-conditional-compute-as-the-central-idea.md,14188,e4c692ec574e6073cf1f18e67d48124a95ec6862e090c4ff5f0c89809a0c5c52
final_audited_artifacts/skill_framework/source_section_development_briefs/ch01/03-a-tiny-routing-story.md,13569,0398363bda72702f14ea9875d08528a9db3875af6337c73ca9fa30272545dd59
final_audited_artifacts/skill_framework/source_section_development_briefs/ch01/04-what-from-scratch-means-for-this-book.md,14195,3277fda3312f4188f486ac4b50301e01304e9b963d0fa0f55a6d3f25c136d8e2
final_audited_artifacts/skill_framework/source_section_development_briefs/ch01/05-the-minideepseekmoe-build-ladder.md,14101,31910aee126e38c36aca141cd9e90b76a337bff16d6c38411d296c15ffc2bc63
final_audited_artifacts/skill_framework/source_section_development_briefs/ch01/06-chapter-summary-and-handoff.md,13737,5e639bba92f155192b50598f7b2088c5c127695d2c0dc6a5d7c97f091bfe75dc
final_audited_artifacts/skill_framework/source_section_development_briefs/ch02/01-dataset-and-token-batches.md,13390,964a98cfe78ae215382370afa1309ea6194bb3e7d0f5707a41180c24f1da70ec
final_audited_artifacts/skill_framework/source_section_development_briefs/ch02/02-token-and-position-embeddings.md,13533,aaa3233b4eaac12894aa5b1e8adab2f89a771f85bcafd66daa65c6a3599365a7
final_audited_artifacts/skill_framework/source_section_development_briefs/ch02/03-causal-self-attention-as-the-context-path.md,13800,303152d6562d88f39ef1c1a73ccfccc1a98db72644b241fe0449e7d122c9af32
final_audited_artifacts/skill_framework/source_section_development_briefs/ch02/04-dense-feed-forward-block-as-the-replacement-target.md,14014,f3055ab94396b138f6163c2341ae8acdb4fdf74870138d98236c86d67113ec53
final_audited_artifacts/skill_framework/source_section_development_briefs/ch02/05-training-loop-and-sampling-baseline.md,13808,d00ab3065a72e2f1f949f8d0dba1ae779ab7be5ab46806107a42ad5f341faecb
final_audited_artifacts/skill_framework/source_section_development_briefs/ch02/06-baseline-diagnostics-and-comparison-slots.md,14199,fac7faa66dfaea081491846cc92c0b499633e36d23b3e4028af17bb71195e2e2
final_audited_artifacts/skill_framework/source_section_development_briefs/ch03/01-expert-mlps-as-named-ffns.md,13607,8c3817c18005a6526c0b347f314877d2fc71778e63330ba32ed83b9a41026a4c
final_audited_artifacts/skill_framework/source_section_development_briefs/ch03/02-router-scores-and-tensor-shapes.md,13827,cda3e0c974ab7e2f7ef4c8f23c0764c3f18d9b150e939d01f2b38cdf2e729271
final_audited_artifacts/skill_framework/source_section_development_briefs/ch03/03-top-k-selection-without-dispatch.md,13907,c60efda9f0ea89af64d7a931610d7b18e5ca4813f797426b71351ff142b06eae
final_audited_artifacts/skill_framework/source_section_development_briefs/ch03/04-naive-token-by-token-dispatch.md,13757,cc5106bee3c8ccfe5a21d18e4c47d205faadb9b72ca93510a1af5b133b141e08
final_audited_artifacts/skill_framework/source_section_development_briefs/ch03/05-shape-and-gradient-checks.md,13714,5e61cd1b822001edaf0df0fea735dc5967a5717f096da11fa536c707773b2d6d
final_audited_artifacts/skill_framework/source_section_development_briefs/ch03/06-chapter-summary-and-handoff.md,13653,040aa8236f607dcb10e9683559f07b7a621ef7b507cf12eb1e5eb384dc981f75
final_audited_artifacts/skill_framework/source_section_development_briefs/ch04/01-why-top-1-routing-is-the-simplest-sparse-case.md,13991,5c2f70025ba4188a62a5e6b7a143ef5122881268e6576caef86a5bcb2ac71e10
final_audited_artifacts/skill_framework/source_section_development_briefs/ch04/02-assignment-masks-and-expert-buckets.md,13645,a89585345cd7a05a5afb28dbe16fa830aa0914e87cf92b4a59c27243f3424393
final_audited_artifacts/skill_framework/source_section_development_briefs/ch04/03-dispatching-tokens-to-selected-experts.md,13873,4ba481f1b12158f5dbe70273eb89fe7db9e07ddadfd0e3588cf677b85f9eb81f
final_audited_artifacts/skill_framework/source_section_development_briefs/ch04/04-capacity-and-dropped-tokens.md,13763,4f5e08b6775be43543ff5b0572da9f0aabb82dc20ec8e84ffad9925194181a5f
final_audited_artifacts/skill_framework/source_section_development_briefs/ch04/05-load-histograms-and-failure-modes.md,13886,ed5807b995c068edf2b1cadb85adaba3dc2bbd3c89efb6c1ae8b265b7bbfdeda
final_audited_artifacts/skill_framework/source_section_development_briefs/ch04/06-chapter-summary-and-handoff.md,13535,2f6a585d67022cc4d624442b515dd17aaefabb36ce83ecca57ebdef1b83556b6
final_audited_artifacts/skill_framework/source_section_development_briefs/ch05/01-why-top-2-changes-the-routing-story.md,13934,3677ef7223eb32a9da1c2d7f5eaad94ce25c7746ebc2f2fe9adafda95f3f815b
final_audited_artifacts/skill_framework/source_section_development_briefs/ch05/02-normalizing-selected-router-scores.md,13798,f1ec516e98de67c84d417a8d2c0c3caeb252d2ebf3b90367d036b8c7516a5e0c
final_audited_artifacts/skill_framework/source_section_development_briefs/ch05/03-dispatch-for-two-expert-paths-per-token.md,14086,03074306502a4111c090471e87cf2d52e08ada613b0c079e084d09ba76fbd302
final_audited_artifacts/skill_framework/source_section_development_briefs/ch05/04-comparing-top-1-and-top-2-diagnostics.md,14266,61056d509f973979961c49cb533f3b3f175445123b2fa4a97335c0a4c3f62643
final_audited_artifacts/skill_framework/source_section_development_briefs/ch05/05-numerical-stability-in-top-k-gates.md,13953,db2fcc8d844c62dea448105c7cbfdf709bf4627b92b7cebcbccb5b86f03586f0
final_audited_artifacts/skill_framework/source_section_development_briefs/ch05/06-chapter-summary-and-handoff.md,13668,d3860866cc0f6706def24faa6f2c7c8e9741f4a6858035a632067d878c034535
final_audited_artifacts/skill_framework/source_section_development_briefs/ch06/01-flattened-tokens-as-the-dispatch-unit.md,14007,29dcea966bbf6fdde3d7efb24608e10ad9b49d14ae44707198ba5889094d68b6
final_audited_artifacts/skill_framework/source_section_development_briefs/ch06/02-expert-batch-construction.md,13616,1b4f8e68f7a741b64251dbc78405738646c5c74ac0585da98a1a38624068c49f
final_audited_artifacts/skill_framework/source_section_development_briefs/ch06/03-capacity-factors-and-overflow-policy.md,14058,97f33aac92d6494f4a73ae6dd9f32e797c6067f0af1b52525b1bee0d1a8eea74
final_audited_artifacts/skill_framework/source_section_development_briefs/ch06/04-unpacking-and-weighted-combine.md,14043,b4a37dfd8f50f980904d87f541c7ad6551f8e66ed125ab64c93fc62281455b5c
final_audited_artifacts/skill_framework/source_section_development_briefs/ch06/05-equivalence-tests-against-the-naive-layer.md,14188,ffbe51b0f35806d5e68bd186b0cfd5541cc705a72712e191aaade64c314fe56c
final_audited_artifacts/skill_framework/source_section_development_briefs/ch06/06-chapter-summary-and-handoff.md,13754,34711ac62a189fb3a73aec0736e20c805286deadc6fd183e4c621e47f9b4ba73
final_audited_artifacts/skill_framework/source_section_development_briefs/ch07/01-expert-imbalance-as-a-training-problem.md,14198,ca3f57a7c27ed569b714f2eb34154971da62ddea9a0b06c929456e492e1d48ce
final_audited_artifacts/skill_framework/source_section_development_briefs/ch07/02-auxiliary-load-balancing-loss.md,13905,d6b7067413a64270a8bbff6de3962a9bc057e1ed5483355aa45d42a0238297e1
final_audited_artifacts/skill_framework/source_section_development_briefs/ch07/03-integrating-auxiliary-loss-into-training.md,14237,91b45050ee16a5a82288ff6570df4ed17d8a369b7bc9fb71acc81a4b8156fcf6
final_audited_artifacts/skill_framework/source_section_development_briefs/ch07/04-router-score-scale-and-z-loss.md,13944,8b89698f7f1806e1a5cd81b3f14076e557f739ce2285f9e9a8977176547b2548
final_audited_artifacts/skill_framework/source_section_development_briefs/ch07/05-routing-dashboards-and-training-logs.md,14327,c9b58bad32d899bfe5eb1d86280424a8dfedefb143146e10f669a51d16299894
final_audited_artifacts/skill_framework/source_section_development_briefs/ch07/06-chapter-summary-and-handoff.md,13944,9b9e7d7d7857441d78e8cb82e75945c3006f6659d2901a41944ff7e37addafd3
final_audited_artifacts/skill_framework/source_section_development_briefs/ch08/01-the-role-of-shared-experts.md,13968,1a05ebb6239750c9e1b79a7226dc865a0e8f696e55f9427761cceaef1f523219
final_audited_artifacts/skill_framework/source_section_development_briefs/ch08/02-fine-grained-routed-expert-segmentation.md,14367,543dab659fbd48ad4729c4be3f65f97c53476d409656c9c307e9b7e3f07f1357
final_audited_artifacts/skill_framework/source_section_development_briefs/ch08/03-the-minideepseekmoe-layer-contract.md,14313,1e7fc028fcd4a28565649acfd4b84a52c084d5b182f17f72ef93a25d21d1bc9d
final_audited_artifacts/skill_framework/source_section_development_briefs/ch08/04-combining-shared-and-routed-outputs.md,14206,547fc44baa162aa9114dd1ee632a5744650e1581dd608b904f433914187f4817
final_audited_artifacts/skill_framework/source_section_development_briefs/ch08/05-specialization-diagnostics.md,14167,2111f4126ecaf6e3701e8fbb7313cb7b9db0bf738bb1e20bdb81dc24267fb9b5
final_audited_artifacts/skill_framework/source_section_development_briefs/ch08/06-chapter-summary-and-handoff.md,13959,21a2aec982648404b509028878ee62773a356615aeefe6dafc042ea5b3012031
final_audited_artifacts/skill_framework/source_section_development_briefs/ch09/01-the-limitation-of-auxiliary-balancing.md,14347,7dfb7cdb12ad5e99d0c51f22d6bf97941ccb79d049b09b2480705ac107f212fd
final_audited_artifacts/skill_framework/source_section_development_briefs/ch09/02-router-bias-as-non-trainable-state.md,14418,6a88a28d5c6635957211b715b0067685cbeaa204513d3e83780d37111f652b5d
final_audited_artifacts/skill_framework/source_section_development_briefs/ch09/03-biased-selection-and-unbiased-combine.md,14545,b97a421c26c1cdb30c1da6e410a637a7a05869b78df603acb56fffbd970056d4
final_audited_artifacts/skill_framework/source_section_development_briefs/ch09/04-dynamic-bias-update-from-expert-load.md,14485,752253e89ecd873932278edb3d226f48a6981f9aeb9052e752138b0edee56156
final_audited_artifacts/skill_framework/source_section_development_briefs/ch09/05-comparing-balancing-methods.md,14210,4c0394e5ce50dc7633a5a8bc14e73243b0621647d90a41b5a474382142200e23
final_audited_artifacts/skill_framework/source_section_development_briefs/ch09/06-chapter-summary-and-handoff.md,14091,d79379dbeb0628e63e06bada19ac2e68e684948c5b049a854f54ee0b72d035bb
final_audited_artifacts/skill_framework/source_section_development_briefs/ch10/01-configuration-objects-and-model-variants.md,14426,98b7eae25ba54361f4f5e6f9980c4c5528018309df28d0c60f84d5f7e4e0ea57
final_audited_artifacts/skill_framework/source_section_development_briefs/ch10/02-decoder-block-with-dense-prefix-and-moe-layers.md,14583,77f16fdafb8983934a5313055c0cfa549de7ea019c52a8de793c80b6ec96495d
final_audited_artifacts/skill_framework/source_section_development_briefs/ch10/03-forward-pass-outputs-and-loss-dictionary.md,14467,7b9264331172907da5865089e791b15a8297b82753d609cc3fc8da25f97f9e5a
final_audited_artifacts/skill_framework/source_section_development_briefs/ch10/04-training-and-sampling-scripts.md,14153,6a6eb280756db62f2561658ae26ecc452b6def8547d028a5b2d01c26b53b69e3
final_audited_artifacts/skill_framework/source_section_development_briefs/ch10/05-full-model-smoke-tests.md,13843,87e19af16361f1cf60eb475d30a43d7bba1427c2607a831e1168280b37750097
final_audited_artifacts/skill_framework/source_section_development_briefs/ch10/06-chapter-summary-and-handoff.md,14042,37d66e21f9606e4465c8695e6e73203730ce69e47cff3722538596b864eecac0
final_audited_artifacts/skill_framework/source_section_development_briefs/ch11/01-experiment-design-for-a-from-scratch-book.md,14748,36c0277e8457cf3bb3bc945d9279bcf625d2efeeac1926b8d7bfeaac9517ea19
final_audited_artifacts/skill_framework/source_section_development_briefs/ch11/02-dataset-preparation-and-reproducibility.md,14359,16b1f6c149a805ff6efab3f675553bee362f3e26b9becf50a0edbb9337cdbce8
final_audited_artifacts/skill_framework/source_section_development_briefs/ch11/03-loss-curves-and-routing-dashboards.md,14574,a4636c59cd813d2776e32111b205bb9521c511ca7422884fc6e328dc9875b952
final_audited_artifacts/skill_framework/source_section_development_briefs/ch11/04-ablation-matrix-dense-top-1-top-2-shared-and-bias-balanced.md,15359,996f1fb33dcbf7919db787fbc5dbde4dc68d633d209819bf7dd12dcc94b4bbda
final_audited_artifacts/skill_framework/source_section_development_briefs/ch11/05-interpreting-expert-behavior-carefully.md,14458,6dd9a0930d32f3df4593f368bbc758df5ae970588797a7dd9fe9f3cd6d559f20
final_audited_artifacts/skill_framework/source_section_development_briefs/ch11/06-chapter-summary-and-handoff.md,14201,67a388a52390fc2092c59f2317440ccf5ecbbcb4a52cb848b384c2ed0040ed12
final_audited_artifacts/skill_framework/source_section_development_briefs/ch12/01-autoregressive-inference-with-sparse-ffns.md,14603,daddc031769c6d2917384bfc1c9bebe8137b227ad22a2859dfdd696a706e896d
final_audited_artifacts/skill_framework/source_section_development_briefs/ch12/02-batching-routed-tokens-at-inference.md,14418,145471843559dadbf32a2e0b81ed62c5bf47e83a97a2639ae564a1ee997ecc9c
final_audited_artifacts/skill_framework/source_section_development_briefs/ch12/03-compute-memory-and-active-parameter-accounting.md,14928,a3da6e0040c153dfeffa971fe3a75c3bcc9e1279b9718df74b5e93b0a183b4d8
final_audited_artifacts/skill_framework/source_section_development_briefs/ch12/04-expert-parallelism-and-all-to-all-communication.md,14993,1d045257167ba58ffeaed5e69f94e3cd7243ea3640465a32cbcf504ded255910
final_audited_artifacts/skill_framework/source_section_development_briefs/ch12/05-mapping-the-book-model-to-production-moe-families.md,14967,09449d514597c1d98f754c316ea02bb9e1d7583223586df0dbea7b03dfc3fca6
final_audited_artifacts/skill_framework/source_section_development_briefs/ch12/06-book-summary-and-next-steps.md,14333,27678cde25c2941b1ff6e5ea56264b7a92f1acf18db7d2689aafbdf224adce85
final_audited_artifacts/skill_framework/source_session_starters/ch01/01-the-dense-ffn-bottleneck.md,823,5b4da91fdd378946cbc8bb44ff93f1733e2045edaed8b31526206bb36151fe34
final_audited_artifacts/skill_framework/source_session_starters/ch01/02-conditional-compute-as-the-central-idea.md,943,1b7462d25e263eb6552e64c4fa57282b4500e5a43a4d002834b8463cb9ce234c
final_audited_artifacts/skill_framework/source_session_starters/ch01/03-a-tiny-routing-story.md,791,f744fe3052cd6455750735f1b3e7c8d233c45ae37da9c81ba2edf35c3fc49fcf
final_audited_artifacts/skill_framework/source_session_starters/ch01/04-what-from-scratch-means-for-this-book.md,927,4d7b1217be93ac785ce3133ed9e348ef68c9a737e60c7a7ff821f8dadff2268d
final_audited_artifacts/skill_framework/source_session_starters/ch01/05-the-minideepseekmoe-build-ladder.md,887,be712678f284a12ca0659f80ded30bcabdee64fdf7f7c8a51d5eb93114a76650
final_audited_artifacts/skill_framework/source_session_starters/ch01/06-chapter-summary-and-handoff.md,847,52d7f1675e319d6e534d293118ff7d9d6a7e7ae481c26ae4a24b2d3bdd598af0
final_audited_artifacts/skill_framework/source_session_starters/ch02/01-dataset-and-token-batches.md,831,18d4ddb63b8f2143271a0f2aea44676ac9947a3af9b4d9206c5805a04e15763d
final_audited_artifacts/skill_framework/source_session_starters/ch02/02-token-and-position-embeddings.md,863,7aae36b0b3e45940056050bb6e88f54c8b0e7b974742937625af0df10e5ca4a0
final_audited_artifacts/skill_framework/source_session_starters/ch02/03-causal-self-attention-as-the-context-path.md,959,fded205187de8b73b5b2189613c7d3dbf8eec748611a5ad0a7ad1290d40fb3a6
final_audited_artifacts/skill_framework/source_session_starters/ch02/04-dense-feed-forward-block-as-the-replacement-target.md,1031,c435e511ef255fe61544b96e9dddb843fcfa26be407eb242313f49b57474e6ee
final_audited_artifacts/skill_framework/source_session_starters/ch02/05-training-loop-and-sampling-baseline.md,911,93d8162bcf35109b36fe681d59464f24e68e5366d9ad6ff98ff7e636000abeb7
final_audited_artifacts/skill_framework/source_session_starters/ch02/06-baseline-diagnostics-and-comparison-slots.md,959,c9f91074a9f743a709474dbc1f928bcf12ac0fdb16935ee22618bc01a0d28e81
final_audited_artifacts/skill_framework/source_session_starters/ch03/01-expert-mlps-as-named-ffns.md,831,0606c88db41100596c11ef8f446d6ed291f24fa13f80deb1dbb7942ac290ce2d
final_audited_artifacts/skill_framework/source_session_starters/ch03/02-router-scores-and-tensor-shapes.md,879,90ace043a5a1512e9d4bdbccb553630c4ef909d77be6892c284b171616fb4174
final_audited_artifacts/skill_framework/source_session_starters/ch03/03-top-k-selection-without-dispatch.md,887,489980e9ef8d0fc0575a6dc7b9d4d86cad97fbede76da10c930d3b3fd4796940
final_audited_artifacts/skill_framework/source_session_starters/ch03/04-naive-token-by-token-dispatch.md,863,aa4065b38bcedcd104195f305c103aeff1cc85a71a5f6fd0b3323cc0ccc7507d
final_audited_artifacts/skill_framework/source_session_starters/ch03/05-shape-and-gradient-checks.md,831,203080915d4f18121e65e6771c9c9c69a5c49993e671c23962e48d6f755cd0eb
final_audited_artifacts/skill_framework/source_session_starters/ch03/06-chapter-summary-and-handoff.md,847,23138f6d337ba05e600f0a9a0140c813184b87c4010654e510bb74edd3759c61
final_audited_artifacts/skill_framework/source_session_starters/ch04/01-why-top-1-routing-is-the-simplest-sparse-case.md,991,af2f67ed4c79a886ae1a001c3d9df76690729bf104541aa99010e5018ce7b58a
final_audited_artifacts/skill_framework/source_session_starters/ch04/02-assignment-masks-and-expert-buckets.md,911,8e7aedd68231350f5a853a44b8eaaa3074f12d41c39dcb0907a8c58b986c6040
final_audited_artifacts/skill_framework/source_session_starters/ch04/03-dispatching-tokens-to-selected-experts.md,935,21a1f056037c737f57e895a15b14a49115508ff6e0e5dbb6425d87742f6fdcba
final_audited_artifacts/skill_framework/source_session_starters/ch04/04-capacity-and-dropped-tokens.md,847,062de26fb0650812b6c5cfd09be8a7740bf942fb21b7b2612143e9641a1b8917
final_audited_artifacts/skill_framework/source_session_starters/ch04/05-load-histograms-and-failure-modes.md,895,584014bc1515b4c16cf8721d283a5fa7ae25b8c79f5e02a5ea30b0d4ee0317ec
final_audited_artifacts/skill_framework/source_session_starters/ch04/06-chapter-summary-and-handoff.md,847,653d344ffd79e7ee4a820e0d380170e6e39ba8af0d8bcd5795bef07b6b2bb6be
final_audited_artifacts/skill_framework/source_session_starters/ch05/01-why-top-2-changes-the-routing-story.md,911,325e00e7c8b328fefd9b6948af18d0b98b1ac74386cd7aacca6bacafbc4392b4
final_audited_artifacts/skill_framework/source_session_starters/ch05/02-normalizing-selected-router-scores.md,903,61f173719f6b073d3d14a447e402211d3477d5cd7ddf79f09cc2fc00b493e961
final_audited_artifacts/skill_framework/source_session_starters/ch05/03-dispatch-for-two-expert-paths-per-token.md,943,a9ef6219ee4596c1fde035e32a2277dae6c3366bf548029534cc3dd0a5e20f60
final_audited_artifacts/skill_framework/source_session_starters/ch05/04-comparing-top-1-and-top-2-diagnostics.md,927,7ed5697477816b0daa0acc5d6e74dbc2585beaa8740c54e3c53ccc8a33dbd37d
final_audited_artifacts/skill_framework/source_session_starters/ch05/05-numerical-stability-in-top-k-gates.md,903,8438ce9e7bd4055af8ff53e170cb0ba88fb9da72565fa2719d77a33b3b1b3b74
final_audited_artifacts/skill_framework/source_session_starters/ch05/06-chapter-summary-and-handoff.md,847,3eb77c9d674b44fb0f3ca1db40e9fce172334e833f537b92941a3bf74f717464
final_audited_artifacts/skill_framework/source_session_starters/ch06/01-flattened-tokens-as-the-dispatch-unit.md,927,8eed0b60e399d34d28ac746e4a5c09f32d5a213045180305a73928bf6c0183af
final_audited_artifacts/skill_framework/source_session_starters/ch06/02-expert-batch-construction.md,831,1aba04d0c601e7436b0550a7fd3936bda5a2807894ec7e72e2f628ef613225ef
final_audited_artifacts/skill_framework/source_session_starters/ch06/03-capacity-factors-and-overflow-policy.md,919,0348ac429a949f2af9e1db5f65d5da7bc5c3ffa3c2f35b98715195a7034d699a
final_audited_artifacts/skill_framework/source_session_starters/ch06/04-unpacking-and-weighted-combine.md,871,7a24b33fa8d033a3262a3c987c268cebf8b6191156a6a764151d41e05907f76d
final_audited_artifacts/skill_framework/source_session_starters/ch06/05-equivalence-tests-against-the-naive-layer.md,959,0791b71fc97084c44d08c8d3b92c1f64a0a0f27a9d26fb101928b7714f577453
final_audited_artifacts/skill_framework/source_session_starters/ch06/06-chapter-summary-and-handoff.md,847,b041d3f7a933cd06f8b995c6f2c354594725b8b703dd3baca3234837386e9a7d
final_audited_artifacts/skill_framework/source_session_starters/ch07/01-expert-imbalance-as-a-training-problem.md,935,8b65afd704966e4ba81107fc30031fc0a6cae4af07ab598556c449d2d561a0b2
final_audited_artifacts/skill_framework/source_session_starters/ch07/02-auxiliary-load-balancing-loss.md,863,bdeb0cf32ec22e428fabe456b176aa1eb25a3511a9fb9cd92a2b7deeab1da358
final_audited_artifacts/skill_framework/source_session_starters/ch07/03-integrating-auxiliary-loss-into-training.md,951,0327712ea583513055d9214573cad04cfc2ee6c6682c104b087a40fbc4aa8563
final_audited_artifacts/skill_framework/source_session_starters/ch07/04-router-score-scale-and-z-loss.md,863,0a8e2b9e7873eb770c20135920e68aeb88313f3778813795c59c33fa3e752f49
final_audited_artifacts/skill_framework/source_session_starters/ch07/05-routing-dashboards-and-training-logs.md,919,e1f756bf7abafc656b06785e60fd3d572205d9dd68ffaf6c0fa889fe1413f4e8
final_audited_artifacts/skill_framework/source_session_starters/ch07/06-chapter-summary-and-handoff.md,847,e53acdba560559fbdec643d1973caed091a9a88684fc6a277fdbe6787af64358
final_audited_artifacts/skill_framework/source_session_starters/ch08/01-the-role-of-shared-experts.md,839,4952f6d89cc088bcab3e38d3c941289f4c97bc4062d9eb0970a2aa40f9cd3f7b
final_audited_artifacts/skill_framework/source_session_starters/ch08/02-fine-grained-routed-expert-segmentation.md,943,8fa92fb02e2c27cc9bd6f208f64c65b398c573f48be41db39b7d1216e1b29783
final_audited_artifacts/skill_framework/source_session_starters/ch08/03-the-minideepseekmoe-layer-contract.md,903,596ad3c5490e19c6ba52e858bc0262fcf780cf196beb492a77095668fdef4de9
final_audited_artifacts/skill_framework/source_session_starters/ch08/04-combining-shared-and-routed-outputs.md,911,a195e720efc293670adbdce110c69be091874a401aafd57e1962af7fc82f4b4a
final_audited_artifacts/skill_framework/source_session_starters/ch08/05-specialization-diagnostics.md,839,cea7ca4c290d77477cc3bb1e2bd10e153d08a6192ed525eb8a2eddcde4cdf2a5
final_audited_artifacts/skill_framework/source_session_starters/ch08/06-chapter-summary-and-handoff.md,847,b42fb2f0874d42ebe54a417ffab361a1174bec5b463313dc338f6bda0e02f92c
final_audited_artifacts/skill_framework/source_session_starters/ch09/01-the-limitation-of-auxiliary-balancing.md,927,044a3e3ef4b286d890732d1680316cd82a613762ccdc86b82d90859f97f788f7
final_audited_artifacts/skill_framework/source_session_starters/ch09/02-router-bias-as-non-trainable-state.md,903,5609c568e083089c5e9620820ca1f3065107d0fdfa2fc4fb6e254eaca80b69f0
final_audited_artifacts/skill_framework/source_session_starters/ch09/03-biased-selection-and-unbiased-combine.md,927,51c8134e0c44214b3331b46d715f0f915d1f0d7f90a942d141abaf33d9ace4a7
final_audited_artifacts/skill_framework/source_session_starters/ch09/04-dynamic-bias-update-from-expert-load.md,919,eaf26b6dabd10356ccbfd9f80a164226a4f2619b6c15965b86e7c1557d33b165
final_audited_artifacts/skill_framework/source_session_starters/ch09/05-comparing-balancing-methods.md,847,000f214f0e0b82ddb619ab9e419325630796b1df2a824dfb2c7e40a336c3eff3
final_audited_artifacts/skill_framework/source_session_starters/ch09/06-chapter-summary-and-handoff.md,847,b6a1cf7b69a701d4dfc6b99b551849be0ad9be7cbf29470d62c77f4848166392
final_audited_artifacts/skill_framework/source_session_starters/ch10/01-configuration-objects-and-model-variants.md,953,78a33200cf0f68cb333d6322caf5e4a7498765e96a21aa22a3ef8106c7cc69c6
final_audited_artifacts/skill_framework/source_session_starters/ch10/02-decoder-block-with-dense-prefix-and-moe-layers.md,1001,4e90ce3d6b56022cccee6d679f5db70fdcf8f8f4b5b77a8955887e8840bb7098
final_audited_artifacts/skill_framework/source_session_starters/ch10/03-forward-pass-outputs-and-loss-dictionary.md,953,3fbd82cafcdafadea166724a5b456827f843ffd5d4fd96f0ed9d04129e996e95
final_audited_artifacts/skill_framework/source_session_starters/ch10/04-training-and-sampling-scripts.md,865,a8f4caa727a830893a0d6d45d673f1236d05eea18b4a6318ea78a957e7c5c807
final_audited_artifacts/skill_framework/source_session_starters/ch10/05-full-model-smoke-tests.md,809,2209055354396921efbd2929c3d1583f07dfbe03b8433c9c8a946ba8d4c88f8c
final_audited_artifacts/skill_framework/source_session_starters/ch10/06-chapter-summary-and-handoff.md,849,0e8beb79acea5ee47daea4373fc0ef06b361877c613dd6a0cd422d46f8aeb092
final_audited_artifacts/skill_framework/source_session_starters/ch11/01-experiment-design-for-a-from-scratch-book.md,961,e303552fd1ec7521d393705ce8c2bba7f5d96c02e8876f7b32f74246753287ff
final_audited_artifacts/skill_framework/source_session_starters/ch11/02-dataset-preparation-and-reproducibility.md,945,ef1f27c77dcf1a905514d1c840e2d4b1fa663aa5254a2e6e04ebbe582a55002f
final_audited_artifacts/skill_framework/source_session_starters/ch11/03-loss-curves-and-routing-dashboards.md,905,50ddf4adcaf8c2e9b382380eaa3fe9fb3b93aaf288a21a3720ab3b3a6e606e63
final_audited_artifacts/skill_framework/source_session_starters/ch11/04-ablation-matrix-dense-top-1-top-2-shared-and-bias-balanced.md,1107,7c6542f4eea0451aca3f2b0d558993c09409d4e4bf8d4dfac823ae056d0dbfd1
final_audited_artifacts/skill_framework/source_session_starters/ch11/05-interpreting-expert-behavior-carefully.md,937,99d52b50541b7c7a06bbfc0be0991d6a13591c45fc724236e9b830a63a9e0b94
final_audited_artifacts/skill_framework/source_session_starters/ch11/06-chapter-summary-and-handoff.md,849,ea63e83d20bc34a1c479e45e5cebe09368f6076530c2adcbb8e1671ca947bba3
final_audited_artifacts/skill_framework/source_session_starters/ch12/01-autoregressive-inference-with-sparse-ffns.md,961,03530d886b7ec29cffe9a753d5bae943e3f13e54edfedd0c5df081e65acd1484
final_audited_artifacts/skill_framework/source_session_starters/ch12/02-batching-routed-tokens-at-inference.md,913,b038272ebf405f84d3bdab3af423e47eb94dcb53a6295889b2591cd25ff618f8
final_audited_artifacts/skill_framework/source_session_starters/ch12/03-compute-memory-and-active-parameter-accounting.md,1005,4d6fe583d878a439a7dc7650fb73c0f50d4aef5599a7b22e60b26d0f88322b7f
final_audited_artifacts/skill_framework/source_session_starters/ch12/04-expert-parallelism-and-all-to-all-communication.md,1009,bb40dd7d0d97532d9fc1e08c47fca9f40791749574100be2bbedcd70aa613bc7
final_audited_artifacts/skill_framework/source_session_starters/ch12/05-mapping-the-book-model-to-production-moe-families.md,1025,c562f5dc25249829116ae349a543d8aa22f5536fc4f8349d5149370ed0f821ca
final_audited_artifacts/skill_framework/source_session_starters/ch12/06-book-summary-and-next-steps.md,849,57df85ee0e482b94b0976c87619e4b5d43d33d4c66379e7c3ca52b289048e822
final_audited_artifacts/skill_framework/standalone_skill_mds/00-overall-structure.skill.md,29779,3cb55d47690f69a5c2def729224067551b7674e7ce9582defee6a9c7ed8c91c7
final_audited_artifacts/skill_framework/standalone_skill_mds/chapters/ch01.skill.md,7707,128965b18047e74d19d09d6a1a78428bb4f429ccdf38ab8fd239e7fef3561efc
final_audited_artifacts/skill_framework/standalone_skill_mds/chapters/ch02.skill.md,7496,ec46c19dc5d2fcdff83d652e2219ee8d8e5b9627f343ffb4945c615b071702f8
final_audited_artifacts/skill_framework/standalone_skill_mds/chapters/ch03.skill.md,7459,7285af0a746a65fb8cf1252c3a90450371ec887b269119db41108c89fd5d8035
final_audited_artifacts/skill_framework/standalone_skill_mds/chapters/ch04.skill.md,7418,69fd7caf5783f9b732ca21afb0e35dfe3631b4e11a7462a9ae9d8d7167c3429c
final_audited_artifacts/skill_framework/standalone_skill_mds/chapters/ch05.skill.md,7379,54e7fd4a041545e65d660005b9b30a7a4e7a1b6062a18ed54414a55ba17fde12
final_audited_artifacts/skill_framework/standalone_skill_mds/chapters/ch06.skill.md,7486,ebd7323e70b1578fc5526de6b8d05839184ef74942fba96a28b6a691e41b1aad
final_audited_artifacts/skill_framework/standalone_skill_mds/chapters/ch07.skill.md,7552,3d7314fa22baf001be9ed82550878579a870e4d3011047d69a2d58e6807b49b1
final_audited_artifacts/skill_framework/standalone_skill_mds/chapters/ch08.skill.md,7698,1b6e67b4feece2107bb08340b6a27aa857336fcd1ef04e9625e1092245befd25
final_audited_artifacts/skill_framework/standalone_skill_mds/chapters/ch09.skill.md,7650,2a2a69c4792762f356cda5a19bf52208829c98ac1b430560872d193338004fa0
final_audited_artifacts/skill_framework/standalone_skill_mds/chapters/ch10.skill.md,7420,cfe390a8aecb91c54d3dd9e127794422c6fccc8b6290ba86d23e5b4c93a8f0fe
final_audited_artifacts/skill_framework/standalone_skill_mds/chapters/ch11.skill.md,7883,9e0e3981c5ca09e32713945b67ecc297a1293bd8e69da5d6af0da4f30cc9e950
final_audited_artifacts/skill_framework/standalone_skill_mds/chapters/ch12.skill.md,8020,5f67dce32b3a33fcfec0b8073fa70011b8ba8030b7c656558e751e922b699781
final_audited_artifacts/skill_framework/standalone_skill_mds/sections/ch01/01-the-dense-ffn-bottleneck.skill.md,19892,02c1c1083f382f811ef8dcf3f8206411dbb2cce6438082317257e4e06d199c55
final_audited_artifacts/skill_framework/standalone_skill_mds/sections/ch01/02-conditional-compute-as-the-central-idea.skill.md,20509,ab2686f12011be1ebf5284721e6485b8542a24893d8bf519fb31181f88095b8b
final_audited_artifacts/skill_framework/standalone_skill_mds/sections/ch01/03-a-tiny-routing-story.skill.md,19486,0b16388c9ed7cdbf4d58df93955ea1047ed8bdb6bed5801d8e18f4d16138b719
final_audited_artifacts/skill_framework/standalone_skill_mds/sections/ch01/04-what-from-scratch-means-for-this-book.skill.md,20508,abea02ffeee4c833e90dbe0a17b2b42eb5584a8074b4d3e69cdf04c63d3aa6bf
final_audited_artifacts/skill_framework/standalone_skill_mds/sections/ch01/05-the-minideepseekmoe-build-ladder.skill.md,20285,a95b9475b0f5d362229ef76687468c37aee4072496130e338d9185986609b445
final_audited_artifacts/skill_framework/standalone_skill_mds/sections/ch01/06-chapter-summary-and-handoff.skill.md,19821,1ea7333c496e6921bb29b38bb483b36b0c52df4ea8d5284416eb7eec5de2ccff
final_audited_artifacts/skill_framework/standalone_skill_mds/sections/ch02/01-dataset-and-token-batches.skill.md,19415,d9304acc4d64808657985f4772119502956751f3bd81e384da19a0207ab71e7e
final_audited_artifacts/skill_framework/standalone_skill_mds/sections/ch02/02-token-and-position-embeddings.skill.md,19651,7f91c0c0a4920538ff62b8ae886bdbb29cd20af3f332310d9739f607ce8abd1c
final_audited_artifacts/skill_framework/standalone_skill_mds/sections/ch02/03-causal-self-attention-as-the-context-path.skill.md,20163,0f91921449b66ade6d66cee0f62f4ef2277093234b686ebd98bdc9d6e5081dee
final_audited_artifacts/skill_framework/standalone_skill_mds/sections/ch02/04-dense-feed-forward-block-as-the-replacement-target.skill.md,20558,266845567e351d04549911cc986eca2a67d71387e84be86fd2b828755cd69917
final_audited_artifacts/skill_framework/standalone_skill_mds/sections/ch02/05-training-loop-and-sampling-baseline.skill.md,20050,94cd3a90ea38f3bff739c4b986401acdedb4e244af1536614038681fbd9960eb
final_audited_artifacts/skill_framework/standalone_skill_mds/sections/ch02/06-baseline-diagnostics-and-comparison-slots.skill.md,20573,bf5502ec656644ff10dcb3a7c8cbc3a420401d72dc4374f864c61478213845d5
final_audited_artifacts/skill_framework/standalone_skill_mds/sections/ch03/01-expert-mlps-as-named-ffns.skill.md,19625,6dba68e8b4e13bf76b2bd8ccb0fcd544a1d2d6e3635f265cd07534cc11ae1295
final_audited_artifacts/skill_framework/standalone_skill_mds/sections/ch03/02-router-scores-and-tensor-shapes.skill.md,19998,43838b13b853e751f75668b992757d2f7d97ecff1069602383d11532f40d24d5
final_audited_artifacts/skill_framework/standalone_skill_mds/sections/ch03/03-top-k-selection-without-dispatch.skill.md,20077,ae1f8a2dfd9591e437668e287c52813ddfb1b36dc58c72b1375a6c9f781b5ec6
final_audited_artifacts/skill_framework/standalone_skill_mds/sections/ch03/04-naive-token-by-token-dispatch.skill.md,19872,4b0e8f9336b309a0eb3f98c3c11ae888ba0d9b7e3da6410afd41e7b97d2a1f18
final_audited_artifacts/skill_framework/standalone_skill_mds/sections/ch03/05-shape-and-gradient-checks.skill.md,19757,750914d0719e07e90b8df47c71c09068ed3bd0cfb7d1570e87fc2d2ac2e213eb
final_audited_artifacts/skill_framework/standalone_skill_mds/sections/ch03/06-chapter-summary-and-handoff.skill.md,19745,478f69b33ee872cef22453e37054c735056a620a606454973f35d76f2e836124
final_audited_artifacts/skill_framework/standalone_skill_mds/sections/ch04/01-why-top-1-routing-is-the-simplest-sparse-case.skill.md,20437,1679c037e417f52f15994c3c36b88c6461b75740f7570f69522e012f1db486b2
final_audited_artifacts/skill_framework/standalone_skill_mds/sections/ch04/02-assignment-masks-and-expert-buckets.skill.md,19888,2869c019498c0346e153debede985d1c956864d0eefd8748ec44940030119f7f
final_audited_artifacts/skill_framework/standalone_skill_mds/sections/ch04/03-dispatching-tokens-to-selected-experts.skill.md,20169,d164bcce8c7a2f133e0cc6f8f4b0795871a5ac5a07d7631f7cbffac5ab45f41f
final_audited_artifacts/skill_framework/standalone_skill_mds/sections/ch04/04-capacity-and-dropped-tokens.skill.md,19821,985997b373b276b8d6078bd9496fec1242722ca80e7b01d2699bf237c213bbe7
final_audited_artifacts/skill_framework/standalone_skill_mds/sections/ch04/05-load-histograms-and-failure-modes.skill.md,20094,3f99c2848411b7426fed48fae6a8a0fe0e2e944e16ced58259770ec3857a7e22
final_audited_artifacts/skill_framework/standalone_skill_mds/sections/ch04/06-chapter-summary-and-handoff.skill.md,19627,a06021d5aa2db415527e28106d53a9900037c451e0da157ccd167d50c71dc9c4
final_audited_artifacts/skill_framework/standalone_skill_mds/sections/ch05/01-why-top-2-changes-the-routing-story.skill.md,20170,d5bfe2cd65d08d0647a6a437fd9aa9a39ee7f2a59765d0b1ce94f11066b7148b
final_audited_artifacts/skill_framework/standalone_skill_mds/sections/ch05/02-normalizing-selected-router-scores.skill.md,20001,b29b0b8065b2f9339ff85d89256348f9659e59f406633d32ce40b7572c9eb892
final_audited_artifacts/skill_framework/standalone_skill_mds/sections/ch05/03-dispatch-for-two-expert-paths-per-token.skill.md,20409,37f64f863e43e90574e15cbeb36c2ee17a64a9b4af8671b2bd840f683e5b4b3a
final_audited_artifacts/skill_framework/standalone_skill_mds/sections/ch05/04-comparing-top-1-and-top-2-diagnostics.skill.md,20551,4946838d7018ee08286c2c1bfe8fdbe4cf6d1ac35fa265213c153c16c713d286
final_audited_artifacts/skill_framework/standalone_skill_mds/sections/ch05/05-numerical-stability-in-top-k-gates.skill.md,20174,205c1525e7939d6cf2ded6b5c8434600fe2c04b459a555d5b3be49a881b976fc
final_audited_artifacts/skill_framework/standalone_skill_mds/sections/ch05/06-chapter-summary-and-handoff.skill.md,19749,34cf7aa0b1872de4b6e4efe8345f9f51dfe0a3e6aa2a40c828b35d5a9aaac649
final_audited_artifacts/skill_framework/standalone_skill_mds/sections/ch06/01-flattened-tokens-as-the-dispatch-unit.skill.md,20285,2c647185324dbde95ac39aed5cb247601b05f39086b0d7f3edfdee22b0c80d6d
final_audited_artifacts/skill_framework/standalone_skill_mds/sections/ch06/02-expert-batch-construction.skill.md,19641,a65aec565290f07d8de0dee466b2e3d418cf6a16bf772436775bdbe7b589770a
final_audited_artifacts/skill_framework/standalone_skill_mds/sections/ch06/03-capacity-factors-and-overflow-policy.skill.md,20317,411a484370c73b164ea991db7228941be681d5f6e874e080e44b53f179beea99
final_audited_artifacts/skill_framework/standalone_skill_mds/sections/ch06/04-unpacking-and-weighted-combine.skill.md,20211,ecc535bddc7cc03d522cc95779d97b097a578530cbb8968cd45b42d94253a307
final_audited_artifacts/skill_framework/standalone_skill_mds/sections/ch06/05-equivalence-tests-against-the-naive-layer.skill.md,20573,169687ab456575096627a87e3676eedf6b72b88ab5ae353e802de7ed9eb945c4
final_audited_artifacts/skill_framework/standalone_skill_mds/sections/ch06/06-chapter-summary-and-handoff.skill.md,19846,e19072f30aa13c6e5292ae9d77c94fc777e4636d217a7f2fa5d80069dad17193
final_audited_artifacts/skill_framework/standalone_skill_mds/sections/ch07/01-expert-imbalance-as-a-training-problem.skill.md,20496,8a7ef632ba20bcb551db094fe598380292b87f5d3b26436a3560414b017d2754
final_audited_artifacts/skill_framework/standalone_skill_mds/sections/ch07/02-auxiliary-load-balancing-loss.skill.md,20025,2d060ccb047cce32a84a1a4fa89fbf55a315d5a9bd4b90cbe4b3822cbc57e198
final_audited_artifacts/skill_framework/standalone_skill_mds/sections/ch07/03-integrating-auxiliary-loss-into-training.skill.md,20598,97e683b834c663aaf05785ad94d2a29d1ced157847eeb61e7b32f5a0b1296f12
final_audited_artifacts/skill_framework/standalone_skill_mds/sections/ch07/04-router-score-scale-and-z-loss.skill.md,20048,077e23fb21268600b1b9744cfdb31ac43bd43da223b40dd303f7a6a61b328a90
final_audited_artifacts/skill_framework/standalone_skill_mds/sections/ch07/05-routing-dashboards-and-training-logs.skill.md,20585,b05213fcb7d44e3e85696f2d8f9f854e7bb59e67b9bd812e72d81448c6b8cbff
final_audited_artifacts/skill_framework/standalone_skill_mds/sections/ch07/06-chapter-summary-and-handoff.skill.md,20025,d3201d8cb30ce962177af95931ab6bf03aee6967d170bdcae1804cccf5723903
final_audited_artifacts/skill_framework/standalone_skill_mds/sections/ch08/01-the-role-of-shared-experts.skill.md,20035,d8573799ce413cea956744ca26a4a1b9c9c5e0e2a36c4ea15b66974ac28019bf
final_audited_artifacts/skill_framework/standalone_skill_mds/sections/ch08/02-fine-grained-routed-expert-segmentation.skill.md,20707,c953dc7bf5198f1c8e17ee63a6dcc4901da94661cb7ce4c3fec8ec97a6ca419c
final_audited_artifacts/skill_framework/standalone_skill_mds/sections/ch08/03-the-minideepseekmoe-layer-contract.skill.md,20551,a9d447173b2b383a9383fe3d075f0e4dfd723a4ca28fc0c0f1d908d50f918158
final_audited_artifacts/skill_framework/standalone_skill_mds/sections/ch08/04-combining-shared-and-routed-outputs.skill.md,20474,9539b739501ab7450744397c66da49334e07e94f38092b52ae7f68198d99eb57
final_audited_artifacts/skill_framework/standalone_skill_mds/sections/ch08/05-specialization-diagnostics.skill.md,20228,32a24a9d4c45469d09ea027f8a4ff9be1f2f59b617d79c3682a16d54af301aec
final_audited_artifacts/skill_framework/standalone_skill_mds/sections/ch08/06-chapter-summary-and-handoff.skill.md,20046,575a59e44edf0bd2e91a270a7f65352bc3b445bd0e930a34b54dc4daf8ac9f87
final_audited_artifacts/skill_framework/standalone_skill_mds/sections/ch09/01-the-limitation-of-auxiliary-balancing.skill.md,20627,60d0d8aa20e2a01e6ec6391c430a11ddcc17b55eb2614dea3a8cb4bf105a1edc
final_audited_artifacts/skill_framework/standalone_skill_mds/sections/ch09/02-router-bias-as-non-trainable-state.skill.md,20642,b9f7e628b73b5d1cf654fa4d070ff845dec8f6bdc2d461bb56c2b3169a3d4451
final_audited_artifacts/skill_framework/standalone_skill_mds/sections/ch09/03-biased-selection-and-unbiased-combine.skill.md,20856,221085d010822f520dcc3b2865f27d89f759b299977e7c13b47a198e9d0c4831
final_audited_artifacts/skill_framework/standalone_skill_mds/sections/ch09/04-dynamic-bias-update-from-expert-load.skill.md,20730,a813638215cda23c2ade99d6a42c2d0769363203b66735cc276c98f191be6b67
final_audited_artifacts/skill_framework/standalone_skill_mds/sections/ch09/05-comparing-balancing-methods.skill.md,20296,980f76da4429b42b6fd51d6771f94f8f1893fac026022dcd0d339a0729c8d77c
final_audited_artifacts/skill_framework/standalone_skill_mds/sections/ch09/06-chapter-summary-and-handoff.skill.md,20164,65021026920cef41c38860e25180002170c894cffa1a8ff565cab53580ad18ad
final_audited_artifacts/skill_framework/standalone_skill_mds/sections/ch10/01-configuration-objects-and-model-variants.skill.md,20770,35a20682b9177f91c1e7ab746913aae6bcdb0bc3a8fa1af9e7f1fb2777546309
final_audited_artifacts/skill_framework/standalone_skill_mds/sections/ch10/02-decoder-block-with-dense-prefix-and-moe-layers.skill.md,21047,4c3fa34797271966c3f5d7c8f6430791cc62112910a92d91b5dd6738960b9729
final_audited_artifacts/skill_framework/standalone_skill_mds/sections/ch10/03-forward-pass-outputs-and-loss-dictionary.skill.md,20823,7f0c94d7174463ebbbe3cbe50f3ee36fa8e7928ad9c977165c837c57fac5cc94
final_audited_artifacts/skill_framework/standalone_skill_mds/sections/ch10/04-training-and-sampling-scripts.skill.md,20261,7d8c4b9736564918ce50c241d93cecee5d6b0b58ad20266e9c98f288b12f272e
final_audited_artifacts/skill_framework/standalone_skill_mds/sections/ch10/05-full-model-smoke-tests.skill.md,19783,45cae77462cf9533316782e0f9153ce5f0c5b2b3a6ac436114036ba8678b303e
final_audited_artifacts/skill_framework/standalone_skill_mds/sections/ch10/06-chapter-summary-and-handoff.skill.md,20113,94e55dea3767e346b8f5ff5668cf0024ea3d58cd5ac30cc692266b45ee0f27fc
final_audited_artifacts/skill_framework/standalone_skill_mds/sections/ch11/01-experiment-design-for-a-from-scratch-book.skill.md,21154,0c3ce08d0c07572feaf51e39c4616a30c291b4b43e5efd5fbf648fc3fc5359c3
final_audited_artifacts/skill_framework/standalone_skill_mds/sections/ch11/02-dataset-preparation-and-reproducibility.skill.md,20710,6d53f89e4f56e8123d010b9fbec9ade5a51e2b5b33a0130c99d28a8ea4d58315
final_audited_artifacts/skill_framework/standalone_skill_mds/sections/ch11/03-loss-curves-and-routing-dashboards.skill.md,20827,c3fbce664c3495fbaac2e2cf26321ef920745505e87e59a2bcd26a751b680745
final_audited_artifacts/skill_framework/standalone_skill_mds/sections/ch11/04-ablation-matrix-dense-top-1-top-2-shared-and-bias-balanced.skill.md,22148,7e22b9b38f1603f37cca80788777567e10d1ed57d602d3710497a2bb57923e2b
final_audited_artifacts/skill_framework/standalone_skill_mds/sections/ch11/05-interpreting-expert-behavior-carefully.skill.md,20768,65aa6b8ded852acf0309d3e6cce9494b37dafa1a2dc055ce510372f9ea95c6d5
final_audited_artifacts/skill_framework/standalone_skill_mds/sections/ch11/06-chapter-summary-and-handoff.skill.md,20311,dffd2a6ff2b1ca09920ba14620c13870e49b857672f20a0b0505e9e62c794187
final_audited_artifacts/skill_framework/standalone_skill_mds/sections/ch12/01-autoregressive-inference-with-sparse-ffns.skill.md,21001,bace9d1d2fa0305fc053527153a6db08bc47b185698f1b8a3717927f9dd0384d
final_audited_artifacts/skill_framework/standalone_skill_mds/sections/ch12/02-batching-routed-tokens-at-inference.skill.md,20673,7c1c466d287a9e5cd6a019d38d0bc8aa17c17c827ba829b5a07c94d5a3aab600
final_audited_artifacts/skill_framework/standalone_skill_mds/sections/ch12/03-compute-memory-and-active-parameter-accounting.skill.md,21435,f33cb29a17d3defa6fdab45647509031e67605b2efccd0dc5f0eaba27e5d009f
final_audited_artifacts/skill_framework/standalone_skill_mds/sections/ch12/04-expert-parallelism-and-all-to-all-communication.skill.md,21533,92ab493b326977e3bed2b6ea65d9342f0b8c31ea3a3e8d0ae52a50d1a8dc603a
final_audited_artifacts/skill_framework/standalone_skill_mds/sections/ch12/05-mapping-the-book-model-to-production-moe-families.skill.md,21547,e4eeaf36a46a4f11f43f5beaa6d5bf704a990efcba2609634a6997c5b4b8a6de
final_audited_artifacts/skill_framework/standalone_skill_mds/sections/ch12/06-book-summary-and-next-steps.skill.md,20448,b8b83e42171152bc9b52f3c361ba552453b7e5a7607fc49e82b3d5234b041e3f
final_audited_artifacts/style_extraction/book_flow_and_language.md,3912,f54cdbd00eb9c2c7c22a009ef8601106d9cfa7dc50a9a2badd7b7e9a0e86dd36
final_audited_artifacts/style_extraction/chapter_layout_matrix.md,6244,ea94df78590fa4ca977a55c38b41e7587b3b23b6e52657e4dd0e9933086c767b
final_audited_artifacts/style_extraction/latex_artifact_contract.md,4053,9bfd01cd558460e9477e145f79b971c269e257e7e7a4317061e431b377f1dded
final_audited_artifacts/style_extraction/section_development_framework.md,2120,0683614a21f16fae9736f6b16060d36d0d4e090f7b14100bec53f23058217526
final_audited_artifacts/style_extraction/source_inventory.md,1014,cadb107026fbf8b56df9e83e6efed00a280a458fa05a5c1da87b60f9bb83e851
final_audited_artifacts/style_extraction/visual_design_system.md,4223,33de9a1cc6b4d0e91e1d41fa11b61f77c7310c14475038e8f1e45f26ad0ac373
phase_reports/PHASE_1_REPORT.md,5889,17add1097c65a986f3d35ac3d15c70046c853419977887d26aea11847c2eef27
phase_reports/PHASE_2_REPORT.md,4511,b0433cb5cba1e3e1db829baea1ea3a91c2e99e9d41fef0e4e51669d1240fbc20
phase_reports/PHASE_3_REPORT.md,5437,d6f6504effeed84a103d30bda1e67afd80606d7c79b3ff573adb6d7392efa175
phase_reports/PHASE_4_REPORT.md,2875,5e562db44fd4a4d2d268ccf2d04c0094405b035b249ded5b9aa36d3535705e16
phase_reports/PHASE_5_REPORT.md,2583,04a2546670731d46b07f0dbc286de286fcfa1e084b0f497d2b68f1b68970db87
phase_reports/PHASE_6_REPORT.md,2002,261178e2c4932a8880109e7290092b49ff8e65649dca703f59dbb27a1776e19c
scripts/run_phase7_audit.py,7164,306f80ec85bfbea302129e5c5051c9173f95a048fbae879fb48b76b2849e346a
skill.zip,560740,b9e07ed7136057f350c22735f97037f3816e2efb6aa6524faf3a2b6715f50764
skill_dist/skill.zip,560740,b9e07ed7136057f350c22735f97037f3816e2efb6aa6524faf3a2b6715f50764
validation/latex_compile_phase7.log,78499,207cfd5947510ad603e81d3e6b9af80dace3f4b3e71031e59f2486b0d0f5a75f
validation/phase7_latex_skeleton_preview.pdf,549944,2b6702de4eee87f694f6641704c7e57b7b737e383bcbf28ac027bd569325bee1
validation/phase7_validation_checks.csv,356,f6dc028aa2258f82a0517ccc9255f21c509f622cee7447e357799f2ac4ae4d14
validation/phase7_validation_summary.json,718,a35747cb4e0781a84a423d2bb714ee907e463d547d5f9bf18e324e86e18dacc5
validation/preview_text.txt,125981,03e835d15480acc0c22a670baa5e5d7ebc6c8378c7c8b854593c9636b4d6267f
validation/render_phase7.log,148,0f41208242b8dc42dcbab9c75bfbebf3e6b3b00c52231e4a7e614a52f657d576
validation/rendered_preview/page-001.png,37559,653f58013d298e069e28ea67effba976d2f642ba9d164ae26376c308b44550c4
validation/rendered_preview/page-002.png,6052,6cc5aa638f82d3c7ffdaf7fce148f284f76b9a4139b08d3a64c1da98b5a24ed9
validation/rendered_preview/page-010.png,153026,8be84250e0e5eed2305e0d62afb68ba616800c35eb5c90aed1ee953ef80aaca7
validation/rendered_preview/page-061.png,151873,eabc6935d56a46bfba9a8ed4e621e4f6bbb0c805ededd647775e1ee9d69f2c14
validation/rendered_preview/page-062.png,210235,1b087d2a112ed0b1061de73045f99892e0840255377ba86f23589434330d51a9
validation/rendered_preview/page-064.png,180851,57324456370d3b4774d6e1da13235373a814e1ca2a84dd45a8a0228c7d7165d7
validation/rendered_preview/page-065.png,157210,e93e236ac0c88721af369d8933114faaa5d30927a1083d727ce9c4c8b70edd7b
validation/rendered_preview/page-066.png,153636,81635a2805da4a94b65d65e110e6b9adad5eb7998956b4b0bec29a8c5d068224
validation/rendered_preview/page-081.png,35409,100fe026b5ee26246600d7f56a1675bc4e480c309d682c0a52f1ac64d9dbd485
validation/rendered_preview/page-085.png,41215,ab1ed6c270bb372e1e385f34c067b766b55de0c99804f2be63e3d733f882d022
validation/run_phase7_audit.py,7164,306f80ec85bfbea302129e5c5051c9173f95a048fbae879fb48b76b2849e346a
validation/skill_package_phase7.log,10528,e40b9a58e56397e724f393a81f288f8753a88c6d2fed08a059c4068b6b3bf70a
added,HOWTOEDIT.md,9922
added,final_audited_artifacts/HOWTOEDIT.md,9922
added,final_audited_artifacts/claude_code_prompts/README.md,663
added,final_audited_artifacts/claude_code_prompts/CLAUDE.md,2009
added,final_audited_artifacts/claude_code_prompts/01_setup_and_protocol_prompt.md,745
added,final_audited_artifacts/claude_code_prompts/02_section_development_prompt.md,2079
added,final_audited_artifacts/claude_code_prompts/03_chapter_integration_prompt.md,952
added,final_audited_artifacts/claude_code_prompts/04_chapter_review_prompt.md,669
added,final_audited_artifacts/claude_code_prompts/05_final_whole_book_audit_prompt.md,870
added,final_audited_artifacts/claude_code_prompts/06_git_worktree_parallel_prompt.md,787
